Counties,AcresBurned,AirTankers,ArchiveYear,CountyIds,CrewsInvolved,Dozers,Engines,Extinguished,Fatalities,Featured,Final,Helicopters,Injuries,Latitude,Longitude,MajorIncident,Name,PersonnelInvolved,Started,StructuresDamaged,StructuresDestroyed,StructuresEvacuated,StructuresThreatened,UniqueId,WaterTenders,Started Date,Ended Date,Started Month,Days Burned,AvgAcresBurned,AvgAirTankers,AvgCrewsInvolved,AvgDozers,AvgEngines,AvgFatalities,AvgHelicopters,AvgInjuries,AvgPersonnelInvolved,AvgStructuresDamaged,AvgStructuresDestroyed,AvgStructuresEvacuated,AvgStructuresThreatened,AvgWaterTenders
Alameda,2700.0,,2015.0,1,,,5.0,2015-08-22T18:30:00Z,,False,True,,,37.3845,-121.3732,True,Tesla Fire,18.0,2015-08-19T14:45:00Z,,,,,8fc920eb-ca45-4d77-9a92-1326eca602d6,1.0,2015-08-19,2015-08-22,8.0,3.0,2700.0,,,,5.0,,,,18.0,,,,,1.0
Alameda,640.0,,2018.0,1,,,,2019-01-04T09:53:00Z,,False,True,,,37.75646,-121.60646,True,Grant Fire,,2018-07-08T17:38:00Z,,,,,d0e1cdc0-9dea-467a-8ae8-040e0f94178d,,2018-07-08,2019-01-04,7.0,180.0,640.0,,,,,,,,,,,,,
Amador,4240.0,,2014.0,3;9,1.0,,3.0,2014-08-02T19:15:00Z,,False,True,,2.0,38.5691,-120.7819,True,Sand Fire,40.0,2014-07-25T16:34:00Z,,67.0,,,4d07ccc3-32be-4a1d-acac-18333884c97d,1.0,2014-07-25,2014-08-02,7.0,8.0,2120.0,,0.5,,1.5,,,1.0,20.0,,33.5,,,0.5
Amador,355.0,,2015.0,3,1.0,2.0,13.0,2015-07-02T06:36:00Z,,False,True,,,0.0,0.0,True,Ione Fire,,2015-07-02T01:58:00Z,,,,,c3f64286-b2a0-4ab1-9f6b-d934d5b82228,5.0,2015-07-02,2015-07-02,7.0,0.0,355.0,,1.0,2.0,13.0,,,,,,,,,5.0
Amador,210.0,,2016.0,3,,,,2016-06-21T18:30:00Z,,False,True,,,38.26874,-120.90265,True,Camanche Fire,,2016-06-17T14:54:00Z,,,,,fef2ab8a-20d7-4dc3-b5c9-363aa1debef3,,2016-06-17,2016-06-21,6.0,4.0,210.0,,,,,,,,,,,,,
Amador,45.0,4.0,2016.0,3,5.0,2.0,18.0,2016-09-25T17:45:00Z,,False,True,2.0,,38.5212,-120.8416,True,Bell Fire,150.0,2016-09-23T13:12:00Z,,,,,0bf08653-1441-4e73-b24b-1296afb12b45,3.0,2016-09-23,2016-09-25,9.0,2.0,45.0,4.0,5.0,2.0,18.0,,2.0,,150.0,,,,,3.0
Amador,26.0,,2016.0,3,2.0,1.0,8.0,2016-08-06T10:06:00Z,,False,True,,,38.2581,-120.8657,True,Deer Fire,,2016-08-05T13:49:00Z,,,,,38fe21ed-2019-4be9-abdf-bf46ac5f59e3,3.0,2016-08-05,2016-08-06,8.0,1.0,26.0,,2.0,1.0,8.0,,,,,,,,,3.0
Amador,19.0,,2016.0,3,,,,2016-08-31T07:05:00Z,,False,True,,,0.0,0.0,True,Willow Fire,,2016-08-30T16:52:00Z,,,,,fa8a5b87-9f71-4b68-bd14-b751844d5676,,2016-08-30,2016-08-31,8.0,1.0,19.0,,,,,,,,,,,,,
Amador,825.0,,2018.0,3,4.0,2.0,15.0,2019-01-04T09:54:00Z,,False,True,1.0,,38.42623,-120.95408,True,Irish Fire,,2018-07-06T14:42:00Z,,1.0,,,be804253-e994-4f40-9e07-5c215533231c,4.0,2018-07-06,2019-01-04,7.0,182.0,825.0,,4.0,2.0,15.0,,1.0,,,,1.0,,,4.0
Amador,10.0,,2019.0,3,2.0,,5.0,2019-09-25T17:00:00Z,,False,True,,1.0,38.332083,-120.67131,True,Electra Fire,45.0,2019-09-25T13:13:41Z,,,,,755df0b3-ad02-406b-af5d-738b67d8c755,,2019-09-25,2019-09-25,9.0,0.0,10.0,,2.0,,5.0,,,1.0,45.0,,,,,
Contra Costa,3111.0,,2013.0,7,8.0,5.0,3.0,2013-09-14T17:30:00Z,,False,True,,,37.90757,-121.882582,True,Morgan Fire,231.0,2013-09-08T13:08:00Z,,,,,e33b2d80-7fec-4470-9e79-440d349b0d95,4.0,2013-09-08,2013-09-14,9.0,6.0,3111.0,,8.0,5.0,3.0,,,,231.0,,,,,4.0
Contra Costa,80.0,,2014.0,7,,,,2014-07-12T18:00:00Z,,False,True,,,37.5359,-121.5118,True,Marsh Fire,,2014-07-11T21:57:00Z,,,,,dc1a83b0-500c-440f-85d7-7090884f5487,,2014-07-11,2014-07-12,7.0,1.0,80.0,,,,,,,,,,,,,
Contra Costa,247.0,,2018.0,7,,,,2019-01-04T09:34:00Z,,False,True,,1.0,37.89612,-121.85847,True,Marsh Fire,,2018-07-25T14:41:00Z,,1.0,,,df681456-a50e-4400-a95a-77533a0978ba,,2018-07-25,2019-01-04,7.0,163.0,247.0,,,,,,,1.0,,,1.0,,,
Fresno,40.0,,2014.0,10,,,,2014-06-11T07:30:00Z,,False,True,,4.0,36.991825,-119.525506,True,Morgan Fire,,2014-06-09T15:15:00Z,,1.0,,,857e832f-17bd-4ad2-8789-99b003187049,,2014-06-09,2014-06-11,6.0,2.0,40.0,,,,,,,4.0,,,1.0,,,
Fresno,7050.0,,2016.0,10,,,,2016-08-18T19:00:00Z,,False,True,,,36.09974,-120.51057,True,Mineral Fire,20.0,2016-08-09T13:08:00Z,,2.0,,0.0,346c59b1-375e-4d42-876a-d97b769c939f,,2016-08-09,2016-08-18,8.0,9.0,7050.0,,,,,,,,20.0,,2.0,,0.0,
Fresno,2944.0,,2016.0,10,12.0,5.0,29.0,2016-07-05T07:05:00Z,,False,True,2.0,,36.0749,-120.452041,True,Curry Fire,188.0,2016-07-01T17:16:00Z,,,,,423df2bd-4464-44e0-8b8a-74f953613287,13.0,2016-07-01,2016-07-05,7.0,4.0,2944.0,,12.0,5.0,29.0,,2.0,,188.0,,,,,13.0
Fresno,2241.0,,2016.0,10,4.0,,7.0,2016-08-09T18:30:00Z,,False,True,,,37.01591,-119.50507,True,Goose Fire,167.0,2016-07-30T16:40:00Z,5.0,4.0,,,bd2b7bdc-0f92-451a-a3a5-03569d27c952,6.0,2016-07-30,2016-08-09,7.0,10.0,2241.0,,4.0,,7.0,,,,167.0,5.0,4.0,,,6.0
Fresno,158.0,,2016.0,10,,,,2016-09-06T18:15:00Z,,False,True,,,36.84479,-119.34487,True,Sunny Fire,,2016-09-03T14:44:00Z,,,,,63643257-f082-4928-bf0e-77a0417a4613,,2016-09-03,2016-09-06,9.0,3.0,158.0,,,,,,,,,,,,,
Fresno,123.0,,2016.0,10,,,,2016-07-16T18:00:00Z,,False,True,,,37.0099,-119.5792,True,Green Fire,,2016-07-15T16:45:00Z,,,,,a32de567-3d32-434a-9128-7947deaec3bb,,2016-07-15,2016-07-16,7.0,1.0,123.0,,,,,,,,,,,,,
Fresno,10343.0,,2017.0,10,14.0,,35.0,2018-01-09T10:04:00Z,,False,True,2.0,,36.12089,-120.37116,True,Elm Fire,432.0,2017-05-18T13:11:00Z,,,,,65062933-27cf-48d7-8e4c-9a7ac78e65ff,,2017-05-18,2018-01-09,5.0,236.0,10343.0,,14.0,,35.0,,2.0,,432.0,,,,,
Fresno,5738.0,,2017.0,10,,,,2018-01-09T09:51:00Z,,False,True,,,36.07228,-120.26561,True,Jayne Fire,,2017-04-20T15:40:00Z,,,,,0cacf259-1ba3-4e8c-a938-feaab2655c4b,,2017-04-20,2018-01-09,4.0,264.0,5738.0,,,,,,,,,,,,,
Fresno,1649.0,,2017.0,10,17.0,10.0,35.0,2018-01-09T11:58:00Z,,False,True,1.0,,35.95910999999999,-120.55579,True,Park Fire,727.0,2017-07-17T13:15:00Z,,,,5.0,f44aec62-5d1d-422f-9ff9-dbef80e4e27f,7.0,2017-07-17,2018-01-09,7.0,176.0,1649.0,,17.0,10.0,35.0,,1.0,,727.0,,,,5.0,7.0
Fresno,1538.0,,2017.0,10,,,,2018-01-09T11:41:00Z,,False,True,,,36.269125,-120.620791,True,Derrick Fire,,2017-07-02T22:28:00Z,,,,,e3e75be1-8dea-4022-975b-34a0f25b57c0,,2017-07-02,2018-01-09,7.0,191.0,1538.0,,,,,,,,,,,,,
Fresno,91.0,,2017.0,10,,,,2018-01-09T11:45:00Z,,False,True,,,36.95104,-119.65621000000002,True,Auberry Fire,,2017-07-05T15:40:00Z,,5.0,,,89f34aa8-eaf3-4d19-8ef0-005102e82831,,2017-07-05,2018-01-09,7.0,188.0,91.0,,,,,,,,,,5.0,,,
Fresno,58.0,,2017.0,10,,,,2018-01-09T13:36:00Z,,False,True,,,36.7528,-119.2288,True,Silver Fire,,2017-10-11T15:59:00Z,,3.0,,,46d1ec10-be8e-474a-b98f-ba7cd3521ccd,,2017-10-11,2018-01-09,10.0,90.0,58.0,,,,,,,,,,3.0,,,
Humboldt,4883.0,,2015.0,12,39.0,8.0,57.0,2015-08-19T19:15:00Z,,False,True,10.0,14.0,0.0,0.0,True,Humboldt Lightning Fires,1392.0,2015-07-30T16:02:00Z,,7.0,,,5bc18279-c038-4c2a-926c-433fe3cd4287,10.0,2015-07-30,2015-08-19,7.0,20.0,4883.0,,39.0,8.0,57.0,,10.0,14.0,1392.0,,7.0,,,10.0
Humboldt,158.0,,2015.0,12,,5.0,10.0,2015-08-01T21:45:00Z,,False,True,,2.0,41.295667,-123.784067,True,Queen Fire,57.0,2015-07-24T23:00:00Z,,,,,8be9d271-ed9c-4bc9-9c22-4eff8956ab7b,,2015-07-24,2015-08-01,7.0,8.0,158.0,,,5.0,10.0,,,2.0,57.0,,,,,
Humboldt,146.0,,2015.0,12,,,,2015-08-29T07:00:00Z,,False,True,,,40.1058823,-124.0720419,True,Horse Fire,45.0,2015-08-18T18:30:00Z,,,,,cbaa4a28-c732-4c11-9d44-7da6c3bd8e42,,2015-08-18,2015-08-29,8.0,11.0,146.0,,,,,,,,45.0,,,,,
Humboldt,20.0,,2015.0,12,10.0,2.0,12.0,2015-06-11T18:15:00Z,,False,True,,,41.1513,-123.8292,True,Bald Fire,195.0,2015-06-10T07:42:00Z,,,,,ccd896f2-f071-4d26-ba9b-f413de4d6b77,5.0,2015-06-10,2015-06-11,6.0,1.0,20.0,,10.0,2.0,12.0,,,,195.0,,,,,5.0
Humboldt,599.0,,2016.0,12,3.0,1.0,10.0,2016-09-04T06:55:00Z,,False,True,,,41.28486,-123.82268,True,Tully Fire,174.0,2016-08-22T16:03:00Z,,3.0,,,da72b0c2-835d-42a5-8fa8-4de5442610cc,2.0,2016-08-22,2016-09-04,8.0,13.0,599.0,,3.0,1.0,10.0,,,,174.0,,3.0,,,2.0
Humboldt,20.0,,2017.0,12,,,,2018-01-09T13:30:00Z,,False,True,,,40.88516,-123.96844,True,Blue Fire,,2017-10-08T16:40:00Z,,,,,e2c1718a-40e5-4139-a379-011c77f021bd,,2017-10-08,2018-01-09,10.0,93.0,20.0,,,,,,,,,,,,,
Lake,120.0,,2013.0,17,10.0,6.0,30.0,2013-11-10T18:30:00Z,,False,True,,,38.88221400000001,-122.567525,True,Cantwell Fire,285.0,2013-11-08T13:42:00Z,,1.0,,,20ba8b6b-78d4-46a7-995b-d8fa38cbf3b8,3.0,2013-11-08,2013-11-10,11.0,2.0,120.0,,10.0,6.0,30.0,,,,285.0,,1.0,,,3.0
Lake,70.0,,2013.0,17,2.0,4.0,10.0,2013-08-18T18:30:00Z,,False,True,,,39.013682,-122.491894,True,Double Fire,,2013-08-16T17:57:00Z,,,,,ae025ba5-8b5d-48de-ad5e-3037de3d18e9,5.0,2013-08-16,2013-08-18,8.0,2.0,70.0,,2.0,4.0,10.0,,,,,,,,,5.0
Lake,30.0,,2013.0,17,,,,2013-09-15T17:14:00Z,,False,True,,,38.9777,-122.683,True,Lakeshore Fire,,2013-09-15T19:45:00Z,,,,,51e00abb-53d0-4014-9224-2a853b1d6bcf,,2013-09-15,2013-09-15,9.0,0.0,30.0,,,,,,,,,,,,,
Lake,28.0,,2013.0,49;48;17;6,,,,2013-06-14T15:45:00Z,,False,True,,,38.4229,-122.0437,True,Sonoma-Lake-Napa Unit Lightning Fires,,2013-06-10T00:46:00Z,,,,,5ce45b6c-81b5-422c-9078-8c68dd872c8a,,2013-06-10,2013-06-14,6.0,4.0,7.0,,,,,,,,,,,,,
Lake,4300.0,,2014.0,28;17,,,,2014-07-09T18:00:00Z,,False,True,,4.0,38.664,-122.454,True,Butts Fire,0.0,2014-07-01T12:08:00Z,,9.0,,,2437bb57-1d09-4892-8c26-a60661dae1d9,,2014-07-01,2014-07-09,7.0,8.0,2150.0,,,,,,,2.0,0.0,,4.5,,,
Lake,69438.0,,2015.0,17,6.0,14.0,24.0,2015-08-14T18:15:00Z,,False,True,,,38.8863538,-122.4762475,True,Rocky Fire,227.0,2015-07-29T15:29:00Z,8.0,96.0,,,23e85238-2966-452c-8f21-fa93a51e889b,8.0,2015-07-29,2015-08-14,7.0,16.0,69438.0,,6.0,14.0,24.0,,,,227.0,8.0,96.0,,,8.0
Lake,25118.0,,2015.0,17;28,,,,2015-08-25T06:45:00Z,,False,True,,,38.8142503,-122.4867319,True,Jerusalem Fire,,2015-08-09T15:34:00Z,,27.0,,0.0,94a7ae52-fed9-4997-b972-1761aa4b89ca,,2015-08-09,2015-08-25,8.0,16.0,12559.0,,,,,,,,,,13.5,,0.0,
Lake,673.0,,2015.0,17,4.0,1.0,10.0,2015-09-08T19:28:00Z,,False,True,,,55.23,-122.0,True,Elk Fire,270.0,2015-09-02T14:57:00Z,,,,,0eed7005-6ace-4eb2-8919-eb131c246f84,6.0,2015-09-02,2015-09-08,9.0,6.0,673.0,,4.0,1.0,10.0,,,,270.0,,,,,6.0
Lake,215.0,,2015.0,17,,,4.0,2015-08-27T15:15:00Z,,False,True,,,38.925764,-122.879272,True,Peterson Fire,,2015-08-22T17:30:00Z,,,,,02d470c1-bf41-4ff9-9424-f680cef5bbbc,,2015-08-22,2015-08-27,8.0,5.0,215.0,,,,4.0,,,,,,,,,
Lake,3929.0,,2016.0,17,,,2.0,2016-08-26T18:00:00Z,,False,True,1.0,,38.89741,-122.60663999999998,True,Clayton Fire,32.0,2016-08-13T18:03:00Z,28.0,300.0,,,a0950d5e-6f35-4023-bb60-6737146ba7bd,,2016-08-13,2016-08-26,8.0,13.0,3929.0,,,,2.0,,1.0,,32.0,28.0,300.0,,,
Lake,215.0,,2016.0,17,14.0,7.0,25.0,2016-06-28T20:00:00Z,,False,True,2.0,,39.12366,-122.50373,True,Reservoir Fire,350.0,2016-06-26T16:00:00Z,,,,,489cea9f-b3cb-4615-b412-5ac5724c3976,2.0,2016-06-26,2016-06-28,6.0,2.0,215.0,,14.0,7.0,25.0,,2.0,,350.0,,,,,2.0
Lake,69.0,,2016.0,17,,,4.0,2016-07-22T18:15:00Z,,False,True,,,39.0863,-122.7891,True,Foothill Fire,14.0,2016-07-19T17:16:00Z,,,,,6a75dc36-9f37-4c3a-870d-345f94a8104c,,2016-07-19,2016-07-22,7.0,3.0,69.0,,,,4.0,,,,14.0,,,,,
Lake,2207.0,,2017.0,17,,,,2018-02-09T09:29:00Z,,False,True,,,39.01387,-122.64543,True,Sulphur Fire (Mendocino Lake Complex),,2017-10-08T23:59:00Z,8.0,162.0,,,0f32c2db-7d28-4cf6-85b8-44b53899c8eb,,2017-10-08,2018-02-09,10.0,124.0,2207.0,,,,,,,,,8.0,162.0,,,
Lake,87.0,,2017.0,17,,,,2018-01-09T13:29:00Z,,False,True,,,39.15016,-122.576,True,Ridge Fire,,2017-10-06T14:38:00Z,,,,,2049dbb6-1a87-4d9d-abde-092d35072934,,2017-10-06,2018-01-09,10.0,95.0,87.0,,,,,,,,,,,,,
Lake,62.0,,2017.0,17,,,,2018-01-09T12:28:00Z,,False,True,,,38.94599,-122.81135,True,Bottle Fire,,2017-08-08T16:40:00Z,,,,,21714c67-dc5a-4d86-8794-79d85f87b71b,,2017-08-08,2018-01-09,8.0,154.0,62.0,,,,,,,,,,,,,
Lake,410203.0,,2018.0,6;11;17;23,,,,2019-01-04T09:33:00Z,1.0,False,True,,3.0,39.243283,-123.103367,True,Ranch Fire (Mendocino Complex),,2018-07-27T12:05:00Z,,246.0,,1050.0,90b0daf7-5d84-42d9-bb35-bb78d4faf950,,2018-07-27,2019-01-04,7.0,161.0,102550.75,,,,,0.25,,0.75,,,61.5,,262.5,
Lake,48920.0,,2018.0,6;17;23,58.0,76.0,256.0,2019-01-04T09:18:00Z,,False,True,20.0,,39.04786,-123.11971,True,River Fire (Mendocino Complex),3100.0,2018-07-27T13:01:00Z,,35.0,,1025.0,af30fe23-6cfd-4fd6-b2d9-91648eeae814,79.0,2018-07-27,2019-01-04,7.0,161.0,16306.666666666664,,19.33333333333333,25.33333333333333,85.33333333333333,,6.666666666666668,,1033.3333333333333,,11.666666666666664,,341.6666666666667,26.33333333333333
Lake,15185.0,,2018.0,17,,,,2019-01-04T10:01:00Z,,False,True,,1.0,39.0674,-122.59848,True,Pawnee Fire,,2018-06-23T17:21:00Z,,22.0,,,25574325-cf1d-4191-bc3d-c50ed0a15f9c,,2018-06-23,2019-01-04,6.0,195.0,15185.0,,,,,,,1.0,,,22.0,,,
Lake,50.0,,2018.0,17,,,,2019-01-04T09:38:00Z,,False,True,,,38.91152,-122.86854,True,Carder Fire,,2018-07-21T14:40:00Z,,1.0,,,d7745759-07bd-40a7-a66c-003b174851b2,,2018-07-21,2019-01-04,7.0,167.0,50.0,,,,,,,,,,1.0,,,
Lake,24.0,,2018.0,17,,,,2019-01-04T09:11:00Z,,False,True,,,38.91842000000001,-122.85276,True,Kelsey Fire,,2018-09-03T13:58:00Z,,,,,1a3ccacd-e743-4a0b-97ab-4d99a133654e,,2018-09-03,2019-01-04,9.0,123.0,24.0,,,,,,,,,,,,,
Lake,28.0,,2019.0,17,2.0,1.0,4.0,2019-09-05T10:03:00Z,,False,True,,,38.910498,-122.642572,True,Glass Fire,55.0,2019-09-04T16:26:00Z,,,,,da7fa4d6-cbf3-4cf9-babf-1cc79aa2f536,2.0,2019-09-04,2019-09-05,9.0,1.0,28.0,,2.0,1.0,4.0,,,,55.0,,,,,2.0
Los Angeles,15619.0,,2017.0,19,,,,2018-08-06T10:52:00Z,,False,True,,,34.31283,-118.35863,True,Creek Fire,,2017-12-05T03:44:00Z,26.0,37.0,,,a245b55b-3eb7-49dd-9a5e-909d53854055,,2017-12-05,2018-08-06,12.0,244.0,15619.0,,,,,,,,,26.0,37.0,,,
Los Angeles,6049.0,,2017.0,19,18.0,,55.0,2018-01-18T09:58:00Z,,False,True,2.0,,34.45283,-118.58188,True,Rye Fire,652.0,2017-12-05T11:31:00Z,3.0,6.0,,,1e11fa40-e850-45d2-b65e-05aadc9f02f1,6.0,2017-12-05,2018-01-18,12.0,44.0,6049.0,,18.0,,55.0,,2.0,,652.0,3.0,6.0,,,6.0
Los Angeles,422.0,,2017.0,19,,,,2018-01-23T08:11:00Z,,False,True,,,34.09454,-118.48178,True,Skirball Fire,,2017-12-06T06:31:00Z,,,,,2aad53ef-d6c3-43dc-92e6-b2f9881ff161,,2017-12-06,2018-01-23,12.0,48.0,422.0,,,,,,,,,,,,,
Los Angeles,96949.0,,2018.0,19;56,,,,2019-01-04T08:42:00Z,3.0,False,True,,0.0,34.235,-118.70128,True,Woolsey Fire,,2018-11-08T14:24:00Z,341.0,1643.0,,,92d7aeea-7abf-47a4-bf76-a4fe0fac65c6,,2018-11-08,2019-01-04,11.0,57.0,48474.5,,,,,1.5,,0.0,,170.5,821.5,,,
Los Angeles,8799.0,,2019.0,19,,,,2019-10-31T09:10:00Z,1.0,False,True,,8.0,34.32988,-118.48161,True,Saddle Ridge Fire,206.0,2019-10-10T21:02:00Z,88.0,19.0,,,c52717d6-0297-4c5b-a0f1-f17abcd7ac27,,2019-10-10,2019-10-31,10.0,21.0,8799.0,,,,,1.0,,8.0,206.0,88.0,19.0,,,
Los Angeles,4615.0,4.0,2019.0,19,8.0,,69.0,,,False,True,0.0,,34.472778000000005,-118.368056,True,Tick Fire,509.0,2019-10-24T14:51:46Z,27.0,22.0,,10.0,020310d3-7834-4f57-a125-eff0eb3f54e5,,2019-10-24,,10.0,,4615.0,4.0,8.0,,69.0,,0.0,,509.0,27.0,22.0,,10.0,
Merced,1333.0,,2015.0,24,,1.0,2.0,2015-07-21T07:15:00Z,,False,True,,,0.0,0.0,True,McCabe Fire,13.0,2015-07-18T22:27:00Z,,,,,506eefb2-cae3-48dd-bd92-315ad1782184,,2015-07-18,2015-07-21,7.0,3.0,1333.0,,,1.0,2.0,,,,13.0,,,,,
Nevada,247.0,,2014.0,29,3.0,,3.0,2014-09-18T18:45:00Z,,False,True,,,39.113682,-120.999508,True,Dog Bar Fire,53.0,2014-09-13T14:07:00Z,,,,,a794ecf9-2e8d-4721-a272-a3e66d2e7621,1.0,2014-09-13,2014-09-18,9.0,5.0,247.0,,3.0,,3.0,,,,53.0,,,,,1.0
Nevada,2304.0,,2015.0,29,,,1.0,2015-08-12T19:15:00Z,,False,True,,6.0,39.192088,-120.88231299999998,True,Lowell Fire,27.0,2015-07-25T14:37:00Z,1.0,2.0,,54.0,d6b4bed4-f3d6-488a-a2fb-54c7cbfbd8b3,3.0,2015-07-25,2015-08-12,7.0,18.0,2304.0,,,,1.0,,,6.0,27.0,1.0,2.0,,54.0,3.0
Nevada,821.0,,2017.0,29,,,,2018-02-09T09:51:00Z,,False,True,,,39.24549,-121.12792,True,Lobo Fire (Wind Complex),,2017-10-09T00:01:00Z,2.0,48.0,,,29c37ab7-3af9-458f-b6d3-72023a8c1046,,2017-10-09,2018-02-09,10.0,123.0,821.0,,,,,,,,,2.0,48.0,,,
Nevada,392.0,,2017.0,29,1.0,1.0,2.0,2018-01-09T12:48:00Z,,False,True,,1.0,39.34292,-121.12004,True,Pleasant Fire,48.0,2017-08-30T15:38:00Z,1.0,0.0,,,f571f91e-bc07-450c-8822-3ecc61a27863,1.0,2017-08-30,2018-01-09,8.0,132.0,392.0,,1.0,1.0,2.0,,,1.0,48.0,1.0,0.0,,,1.0
Nevada,76.0,,2017.0,29,,,,2018-02-09T09:52:00Z,,False,True,,,39.19325,-121.08406,True,McCourtney Fire (Wind Complex),,2017-10-09T00:00:00Z,2.0,13.0,,,9a2b8ac1-41f4-4f98-a4e1-9b5ddee37251,,2017-10-09,2018-02-09,10.0,123.0,76.0,,,,,,,,,2.0,13.0,,,
San Mateo,50.0,,2017.0,41,4.0,,5.0,2018-01-09T13:20:00Z,,False,True,,,37.41591,-122.3001,True,Skeggs Fire,85.0,2017-09-11T19:41:00Z,,,,,81b26bc7-7d65-4591-9d27-4e698cab4f12,,2017-09-11,2018-01-09,9.0,120.0,50.0,,4.0,,5.0,,,,85.0,,,,,
Santa Clara,4474.0,,2016.0,43,1.0,1.0,3.0,2017-09-19T10:30:00Z,,False,True,,,37.10632,-121.85318,True,Loma Fire,62.0,2016-09-26T14:42:00Z,1.0,28.0,,,2dfac408-d2ab-4ff9-94aa-91be9d07bb59,5.0,2016-09-26,2017-09-19,9.0,358.0,4474.0,,1.0,1.0,3.0,,,,62.0,1.0,28.0,,,5.0
Santa Clara,320.0,,2018.0,43,1.0,,5.0,2019-01-04T09:37:00Z,,False,True,,,37.449425,-121.88807,True,Country Fire,150.0,2018-07-22T13:06:00Z,,1.0,,,0dd9bca6-35b9-4a75-8f3b-a5e57e1b90e7,,2018-07-22,2019-01-04,7.0,166.0,320.0,,1.0,,5.0,,,,150.0,,1.0,,,
Yuba,158.0,5.0,2015.0,58,11.0,9.0,25.0,2015-06-22T11:45:00Z,,False,True,4.0,3.0,39.2688,-121.26471,True,Cook Fire,250.0,2015-06-18T13:07:00Z,,,,,b5fa450f-9b84-4d90-9956-bda9dfe32f28,,2015-06-18,2015-06-22,6.0,4.0,158.0,5.0,11.0,9.0,25.0,,4.0,3.0,250.0,,,,,
Yuba,9989.0,,2017.0,58,,,,2018-02-09T09:39:00Z,4.0,False,True,,,39.32198,-121.4021,True,Cascade Fire (Wind Complex),,2017-10-08T23:03:00Z,10.0,264.0,,,608ed849-d1ec-4b0d-a477-d1b8e9c7e6dd,,2017-10-08,2018-02-09,10.0,124.0,9989.0,,,,,4.0,,,,10.0,264.0,,,
Yuba,39.0,,2017.0,58,,,,2018-01-09T12:05:00Z,,False,True,,,39.06522,-121.3519,True,Spenceville Fire,,2017-07-24T14:56:00Z,,5.0,,,ebcee501-5709-4382-8eab-d8595ba6606d,,2017-07-24,2018-01-09,7.0,169.0,39.0,,,,,,,,,,5.0,,,
Mendocino,12536.0,,2014.0,23,,,,2014-09-09T19:30:00Z,,False,True,,15.0,0.0,0.0,True,Lodge Lightning Complex,,2014-07-30T06:27:00Z,,,,,7c6a9617-1c79-4b4d-9833-e76532f59103,,2014-07-30,2014-09-09,7.0,41.0,12536.0,,,,,,,15.0,,,,,,
Mendocino,403.0,,2014.0,23,,,1.0,2014-09-17T16:10:00Z,,False,True,,3.0,0.0,0.0,True,Black Fire,15.0,2014-09-13T15:48:00Z,,11.0,,,60b1ae62-1688-44b3-8447-66785e692e92,,2014-09-13,2014-09-17,9.0,4.0,403.0,,,,1.0,,,3.0,15.0,,11.0,,,
Mendocino,62.0,,2014.0,23,2.0,,2.0,2014-09-22T16:30:00Z,,False,True,,,0.0,0.0,True,Nelson Fire,42.0,2014-09-21T16:13:00Z,,,,,a44b9e07-680d-4857-9d27-834363373a83,,2014-09-21,2014-09-22,9.0,1.0,62.0,,2.0,,2.0,,,,42.0,,,,,
Mendocino,36523.0,,2017.0,23,,,,2018-02-09T08:56:00Z,9.0,False,True,,1.0,39.24873,-123.16635,True,Redwood Valley Fire (Mendocino Lake Complex),,2017-10-08T23:36:00Z,44.0,546.0,,,c229ea5c-2ebd-4f80-892e-fc5da8a1eeea,,2017-10-08,2018-02-09,10.0,124.0,36523.0,,,,,9.0,,1.0,,44.0,546.0,,,
Mendocino,900.0,,2017.0,23,,,,2018-01-09T11:56:00Z,,False,True,,1.0,39.30125,-123.28825,True,Grade Fire,,2017-07-16T14:51:00Z,,,,,95cd2f17-1278-4cc9-90f4-000e4eba415a,,2017-07-16,2018-01-09,7.0,177.0,900.0,,,,,,,1.0,,,,,,
Mendocino,146.0,,2017.0,23,,,,2018-01-09T13:22:00Z,,False,True,,3.0,39.02482,-123.1362,True,Grape Fire,,2017-09-19T13:02:00Z,,,,,efa1dc61-85e3-4fb6-b6f6-04c3845d9ca6,,2017-09-19,2018-01-09,9.0,112.0,146.0,,,,,,,3.0,,,,,,
Mendocino,20.0,,2017.0,23,,,,2018-01-09T11:58:00Z,,False,True,,,39.13207,-123.10227,True,Range Fire,,2017-07-17T12:37:00Z,,,,,7f742021-ea49-4de5-89a2-f5b9d05d6bbb,,2017-07-17,2018-01-09,7.0,176.0,20.0,,,,,,,,,,,,,
Mendocino,410203.0,,2018.0,6;11;17;23,,,,2019-01-04T09:33:00Z,1.0,False,True,,3.0,39.243283,-123.103367,True,Ranch Fire (Mendocino Complex),,2018-07-27T12:05:00Z,,246.0,,1050.0,90b0daf7-5d84-42d9-bb35-bb78d4faf950,,2018-07-27,2019-01-04,7.0,161.0,102550.75,,,,,0.25,,0.75,,,61.5,,262.5,
Mendocino,48920.0,,2018.0,6;17;23,58.0,76.0,256.0,2019-01-04T09:18:00Z,,False,True,20.0,,39.04786,-123.11971,True,River Fire (Mendocino Complex),3100.0,2018-07-27T13:01:00Z,,35.0,,1025.0,af30fe23-6cfd-4fd6-b2d9-91648eeae814,79.0,2018-07-27,2019-01-04,7.0,161.0,16306.666666666664,,19.33333333333333,25.33333333333333,85.33333333333333,,6.666666666666668,,1033.3333333333333,,11.666666666666664,,341.6666666666667,26.33333333333333
Mendocino,225.0,,2019.0,23,16.0,1.0,16.0,2019-08-17T18:15:00Z,,False,True,,3.0,39.005262,-123.195306,True,Moose Fire,328.0,2019-08-12T17:10:00Z,,,,,c8f94c30-d0ee-450a-8501-30678aa37c0f,6.0,2019-08-12,2019-08-17,8.0,5.0,225.0,,16.0,1.0,16.0,,,3.0,328.0,,,,,6.0
Mono,7000.0,,2015.0,14;26,6.0,1.0,7.0,2015-02-12T07:35:00Z,,False,True,,4.0,0.0,0.0,True,Round Fire,100.0,2015-02-06T14:07:00Z,5.0,40.0,,,7ed61f45-7e2b-449b-8ead-d34b75a5e818,,2015-02-06,2015-02-12,2.0,6.0,3500.0,,3.0,0.5,3.5,,,2.0,50.0,2.5,20.0,,,
Napa,376.0,,2013.0,28,,,1.0,2013-10-04T16:55:00Z,,False,True,,,38.628,-122.289,True,Putah Fire,4.0,2013-10-03T20:33:00Z,,,,,1f94fce5-49a5-4220-bc99-f003ab4d3e60,,2013-10-03,2013-10-04,10.0,1.0,376.0,,,,1.0,,,,4.0,,,,,
Napa,190.0,,2013.0,28,6.0,,15.0,2013-11-23T18:30:00Z,,False,True,,,38.382,-122.311,True,Silverado Fire,150.0,2013-11-21T21:39:00Z,,1.0,,,79d476e5-0b4d-48e2-a105-2bba5c1140e9,3.0,2013-11-21,2013-11-23,11.0,2.0,190.0,,6.0,,15.0,,,,150.0,,1.0,,,3.0
Napa,4300.0,,2014.0,28;17,,,,2014-07-09T18:00:00Z,,False,True,,4.0,38.664,-122.454,True,Butts Fire,0.0,2014-07-01T12:08:00Z,,9.0,,,2437bb57-1d09-4892-8c26-a60661dae1d9,,2014-07-01,2014-07-09,7.0,8.0,2150.0,,,,,,,2.0,0.0,,4.5,,,
Napa,25118.0,,2015.0,17;28,,,,2015-08-25T06:45:00Z,,False,True,,,38.8142503,-122.4867319,True,Jerusalem Fire,,2015-08-09T15:34:00Z,,27.0,,0.0,94a7ae52-fed9-4997-b972-1761aa4b89ca,,2015-08-09,2015-08-25,8.0,16.0,12559.0,,,,,,,,,,13.5,,0.0,
Napa,38.0,3.0,2015.0,28,4.0,2.0,8.0,2015-06-17T13:10:00Z,,False,True,2.0,,38.5287,-122.3415,True,Chiles Fire,120.0,2015-06-16T14:27:00Z,,,,,e3272697-2587-45ac-b525-76b85fabaa90,4.0,2015-06-16,2015-06-17,6.0,1.0,38.0,3.0,4.0,2.0,8.0,,2.0,,120.0,,,,,4.0
Napa,36.0,4.0,2015.0,28,2.0,2.0,9.0,2015-06-10T09:45:00Z,,False,True,2.0,,0.0,0.0,True,Garage Fire,103.0,2015-06-09T15:23:00Z,,,,,2513b19f-3509-4e0f-8d87-85785061af02,2.0,2015-06-09,2015-06-10,6.0,1.0,36.0,4.0,2.0,2.0,9.0,,2.0,,103.0,,,,,2.0
Napa,65.0,,2016.0,28,4.0,0.0,5.0,2016-10-12T18:00:00Z,,False,True,,,38.40958,-122.43172,True,Creek Fire,86.0,2016-10-10T16:13:00Z,,,,,3135c367-1274-4cc4-9152-661f6fd7707e,2.0,2016-10-10,2016-10-12,10.0,2.0,65.0,,4.0,0.0,5.0,,,,86.0,,,,,2.0
Napa,56556.0,,2017.0,28;49,,,,2018-02-09T09:30:00Z,3.0,False,True,,,38.4041,-122.5209,True,Nuns / Adobe / Norrbom/ Pressley / Partrick Fires / Oakmont (Central LNU Complex),,2017-10-08T22:00:00Z,172.0,1355.0,,,be79d28c-767d-4a0d-b168-e86a5842004f,,2017-10-08,2018-02-09,10.0,124.0,28278.0,,,,,1.5,,,,86.0,677.5,,,
Napa,51624.0,,2017.0,28;48,,,,2018-02-09T09:37:00Z,6.0,False,True,,,38.39206,-122.24367,True,Atlas Fire (Southern LNU Complex),,2017-10-08T21:52:00Z,783.0,120.0,,,676946dc-1b38-4a09-9bbe-9ce638cfed52,,2017-10-08,2018-02-09,10.0,124.0,25812.0,,,,,3.0,,,,391.5,60.0,,,
Napa,36807.0,,2017.0,28;49,,,,2018-02-09T09:27:00Z,22.0,False,True,,,38.60895,-122.62879,True,Tubbs Fire (Central LNU Complex),,2017-10-08T21:45:00Z,317.0,5636.0,,,82c2aafa-ef04-49f0-a172-0dfa8a15582e,,2017-10-08,2018-02-09,10.0,124.0,18403.5,,,,,11.0,,,,158.5,2818.0,,,
Napa,114.0,,2017.0,28,1.0,,5.0,2018-01-09T12:35:00Z,,False,True,,,38.49336,-122.2483,True,Canyon Fire,55.0,2017-08-11T12:57:00Z,,,,,4b885d8c-8951-46c5-a3d1-520cfd0ac964,,2017-08-11,2018-01-09,8.0,151.0,114.0,,1.0,,5.0,,,,55.0,,,,,
Napa,22.0,,2017.0,28,4.0,2.0,6.0,2018-01-09T10:31:00Z,,False,True,,,38.68347,-122.2654,True,Refuge Fire,80.0,2017-06-13T10:18:00Z,,,,,7d9de7fd-f95d-4edb-bda6-804b734eedc8,,2017-06-13,2018-01-09,6.0,210.0,22.0,,4.0,2.0,6.0,,,,80.0,,,,,
Napa,0.0,,2017.0,28,,,,2018-01-09T13:33:00Z,,False,True,,,38.31802,-122.39052,True,Partrick Fire (Central LNU Complex),,2017-10-08T23:48:00Z,,,,,36d55b1a-a2f4-4f40-b57c-48341bb2ace5,,2017-10-08,2018-01-09,10.0,93.0,0.0,,,,,,,,,,,,,
Napa,90288.0,,2018.0,28;57,,,,2019-01-04T09:57:00Z,,False,True,,1.0,38.80583,-122.18183,True,County Fire,,2018-06-30T14:12:00Z,,29.0,,,97ff14e8-6d08-4214-ad3b-847fa3a0e84a,,2018-06-30,2019-01-04,6.0,188.0,45144.0,,,,,,,0.5,,,14.5,,,
Napa,2490.0,,2018.0,28,,,,2019-01-04T09:06:00Z,,False,True,,,38.69601,-122.44468,True,Snell Fire,,2018-09-08T14:29:00Z,,,,,db2344ac-f195-4f94-8999-e8c8ebb4a7a2,,2018-09-08,2019-01-04,9.0,118.0,2490.0,,,,,,,,,,,,,
Napa,135.0,,2018.0,28,,,,2019-01-04T09:30:00Z,,False,True,,,38.51943,-122.18353,True,Steele Fire,,2018-07-28T16:30:00Z,4.0,8.0,,,2410754e-b988-4f4f-b7ee-21f954c2bbf2,,2018-07-28,2019-01-04,7.0,160.0,135.0,,,,,,,,,4.0,8.0,,,
Orange,9217.0,,2017.0,30,13.0,8.0,51.0,2018-04-05T10:47:00Z,,False,True,1.0,4.0,33.87041,-117.70975,True,Canyon 2 Fire,677.0,2017-10-09T09:51:00Z,55.0,25.0,,,969c721c-5f27-41d4-9a94-ffa12e351204,1.0,2017-10-09,2018-04-05,10.0,178.0,9217.0,,13.0,8.0,51.0,,1.0,4.0,677.0,55.0,25.0,,,1.0
San Benito,670.0,,2015.0,35,2.0,3.0,4.0,2015-10-16T18:00:00Z,,False,True,,3.0,36.70854,-121.32734,True,Cienega Fire,108.0,2015-10-12T16:00:00Z,,,,,8e71e23c-6161-480e-b8ca-f03147475e4d,4.0,2015-10-12,2015-10-16,10.0,4.0,670.0,,2.0,3.0,4.0,,,3.0,108.0,,,,,4.0
San Benito,237.0,,2016.0,35,,,,2016-06-20T06:00:00Z,,False,True,,,0.0,0.0,True,King Fire ,,2016-06-17T14:30:00Z,,2.0,,,e84f2562-1126-4255-9df4-dd7a32460e43,,2016-06-17,2016-06-20,6.0,3.0,237.0,,,,,,,,,,2.0,,,
San Benito,1314.0,,2018.0,35,,,,2019-01-04T10:15:00Z,,False,True,,,36.40755,-120.99322,True,Airline Fire,,2018-06-04T17:01:00Z,,,,,df2538f9-20c9-4d40-9a64-9d6334b6f7d6,,2018-06-04,2019-01-04,6.0,214.0,1314.0,,,,,,,,,,,,,
San Benito,513.0,,2018.0,35,,,,2019-01-04T10:14:00Z,,False,True,,,36.37833300000001,-120.901167,True,Eastern Fire,,2018-06-04T17:30:00Z,,,,,5228fabc-64f6-4ccf-aedc-dc1e781277a6,,2018-06-04,2019-01-04,6.0,214.0,513.0,,,,,,,,,,,,,
San Diego,7055.0,,2013.0,37,56.0,24.0,183.0,2013-07-15T06:15:00Z,,False,True,9.0,12.0,32.95435,-116.47381,True,Chariot Fire,2147.0,2013-07-06T12:55:00Z,9.0,149.0,,,ee19b2ec-a96a-4738-994e-fb3ea016e053,24.0,2013-07-06,2013-07-15,7.0,9.0,7055.0,,56.0,24.0,183.0,,9.0,12.0,2147.0,9.0,149.0,,,24.0
San Diego,2781.0,25.0,2013.0,37,33.0,25.0,73.0,2013-05-26T17:45:00Z,,False,True,25.0,5.0,33.121109999999994,-116.52579,True,San Felipe Fire,911.0,2013-05-23T12:20:00Z,,,,,859479e3-918c-42c6-bb74-5fdc17930a16,26.0,2013-05-23,2013-05-26,5.0,3.0,2781.0,25.0,33.0,25.0,73.0,,25.0,5.0,911.0,,,,,26.0
San Diego,1271.0,27.0,2013.0,37,54.0,27.0,42.0,2013-05-31T06:15:00Z,,False,True,27.0,6.0,33.04458,-116.5209,True,General Fire,1217.0,2013-05-26T12:04:00Z,,,,,07a5397c-a665-4f84-9a82-5f689cb2c8f3,27.0,2013-05-26,2013-05-31,5.0,5.0,1271.0,27.0,54.0,27.0,42.0,,27.0,6.0,1217.0,,,,,27.0
San Diego,263.0,2.0,2013.0,37,4.0,,15.0,2013-09-12T18:15:00Z,,False,True,1.0,2.0,32.710918,-116.746023,True,Lyon Fire,294.0,2013-09-09T13:09:00Z,,,,176.0,f6f6fefa-ac4e-466f-815e-492416e37b98,4.0,2013-09-09,2013-09-12,9.0,3.0,263.0,2.0,4.0,,15.0,,1.0,2.0,294.0,,,,176.0,4.0
San Diego,5367.0,,2014.0,37,,,,2014-05-19T09:20:00Z,,False,True,,,33.3529,-117.284889,True,Tomahawk Fire,,2014-05-14T09:45:00Z,,,,,2b35bd0d-169f-4a81-835b-13bf527031a6,,2014-05-14,2014-05-19,5.0,5.0,5367.0,,,,,,,,,,,,,
San Diego,1995.0,,2014.0,37,13.0,1.0,21.0,2014-05-22T18:15:00Z,,False,True,,3.0,33.1137,-117.1599,True,Cocos Fire,514.0,2014-05-14T16:00:00Z,,40.0,,,1b1cba8f-7893-4eea-82d9-dc78663fd911,2.0,2014-05-14,2014-05-22,5.0,8.0,1995.0,,13.0,1.0,21.0,,,3.0,514.0,,40.0,,,2.0
San Diego,1548.0,,2014.0,37,4.0,,,2014-05-17T20:14:00Z,,False,True,,3.0,33.003,-117.133,True,Bernardo Fire,211.0,2014-05-13T11:00:00Z,,,,50.0,9e5ee790-ee7e-4b40-b300-7a3046901162,,2014-05-13,2014-05-17,5.0,4.0,1548.0,,4.0,,,,,3.0,211.0,,,,50.0,
San Diego,380.0,,2014.0,37,,,,2014-05-15T18:30:00Z,,False,True,,,33.312,-117.162,True,Highway Fire,,2014-05-14T13:00:00Z,,,,,ebea3cc2-c0ad-4de2-829a-0b544183461b,,2014-05-14,2014-05-15,5.0,1.0,380.0,,,,,,,,,,,,,
San Diego,217.0,,2014.0,37,4.0,,5.0,2014-07-06T09:15:00Z,,False,True,,4.0,33.078948,-116.576454,True,Banner Fire,91.0,2014-07-03T10:43:00Z,,3.0,,,d2623c2c-ff3d-419e-a129-b3aa542c05c4,,2014-07-03,2014-07-06,7.0,3.0,217.0,,4.0,,5.0,,,4.0,91.0,,3.0,,,
San Diego,7609.0,,2016.0,37,,,,2016-06-30T18:30:00Z,,False,True,,,32.60729,-116.63028,True,Border Fire,78.0,2016-06-19T11:03:00Z,,16.0,,,33099cdd-ccfc-454e-b5a3-770a69a30bd3,,2016-06-19,2016-06-30,6.0,11.0,7609.0,,,,,,,,78.0,,16.0,,,
San Diego,70.0,,2016.0,37,,,,2016-06-07T06:45:00Z,,False,True,,3.0,33.41639,-117.08829,True,Pala Fire,250.0,2016-05-31T13:48:00Z,,7.0,,,c88af25d-aff4-4b20-9c58-0b819c8ae99a,,2016-05-31,2016-06-07,5.0,7.0,70.0,,,,,,,3.0,250.0,,7.0,,,
San Diego,28.0,,2016.0,37,,,,2016-07-24T14:30:00Z,,False,True,,,33.00056,-116.9571,True,Rock Fire,,2016-07-22T14:47:00Z,,,,,0b655a9d-94b3-4095-acfd-d40ac8347318,,2016-07-22,2016-07-24,7.0,2.0,28.0,,,,,,,,,,,,,
San Diego,4100.0,,2017.0,37,,,,2018-01-09T13:47:00Z,,False,True,,,33.3237,-117.163,True,Lilac Fire,,2017-12-07T11:15:00Z,64.0,157.0,,,fc4fcd00-8eee-43e5-b77f-bbd0c1669744,,2017-12-07,2018-01-09,12.0,33.0,4100.0,,,,,,,,,64.0,157.0,,,
San Diego,2056.0,,2017.0,37,,,,2018-01-09T10:06:00Z,,False,True,,,32.65597,-116.80527,True,Gate Fire,665.0,2017-05-20T23:19:00Z,,,,,c4d0a25f-02f6-4877-a944-8f5d50bf2335,,2017-05-20,2018-01-09,5.0,234.0,2056.0,,,,,,,,665.0,,,,,
San Diego,400.0,,2017.0,37,,,,2018-01-09T11:52:00Z,,False,True,,,32.84796,-116.85396,True,Jennings Fire,,2017-07-11T13:45:00Z,,,,,04b54dc3-10a2-4fdf-bfa6-60a1fe2b0f7d,,2017-07-11,2018-01-09,7.0,182.0,400.0,,,,,,,,,,,,,
San Diego,200.0,,2017.0,37,,,,2018-01-09T12:43:00Z,,False,True,,,32.65003,-116.42907,True,Eclipse Fire,,2017-08-21T14:00:00Z,,,,,2f1b8cff-f7d6-4459-866b-7c84bd531dcc,,2017-08-21,2018-01-09,8.0,141.0,200.0,,,,,,,,,,,,,
San Diego,130.0,,2017.0,37,10.0,3.0,20.0,2018-01-09T12:50:00Z,,False,True,2.0,,32.6001,-116.76997,True,Border Fire,220.0,2017-09-01T04:20:00Z,,,,,10a447c8-708f-44a3-8679-251500c761d6,7.0,2017-09-01,2018-01-09,9.0,130.0,130.0,,10.0,3.0,20.0,,2.0,,220.0,,,,,7.0
San Diego,504.0,,2018.0,37,,,,2019-01-04T09:55:00Z,,False,True,,,32.833674,-116.7311,True,West Fire,,2018-07-06T23:39:00Z,,48.0,,,2a1c14d1-2a88-4564-bd09-585e09ffc9a7,,2018-07-06,2019-01-04,7.0,182.0,504.0,,,,,,,,,,48.0,,,
San Diego,365.0,,2018.0,37,,,,2019-01-04T09:32:00Z,,False,True,,,33.078920000000004,-116.91845,True,Pasqual Fire,,2018-07-27T13:28:00Z,,,,,2b56b06d-46d6-43f2-b474-2598dd163e82,,2018-07-27,2019-01-04,7.0,161.0,365.0,,,,,,,,,,,,,
San Diego,265.0,,2018.0,37,,,,2019-01-04T10:11:00Z,,False,True,,1.0,32.63046,-116.46674,True,Recycle Fire,,2018-06-06T09:46:00Z,,,,,9ededdf0-b250-49ec-999d-eb988dab08a9,,2018-06-06,2019-01-04,6.0,212.0,265.0,,,,,,,1.0,,,,,,
San Diego,207.0,,2018.0,37,,,,2019-01-04T09:31:00Z,,False,True,,,33.41476,-117.24044,True,Rock Fire,,2018-07-28T15:14:00Z,,,,,e3406861-3e7f-4a4b-b16d-6004f3edc5e6,,2018-07-28,2019-01-04,7.0,160.0,207.0,,,,,,,,,,,,,
San Diego,13.0,,2018.0,37,3.0,,10.0,2019-01-04T09:39:00Z,,False,True,4.0,,33.04898,-116.78928,True,Cinnamon Fire,80.0,2018-07-20T13:07:00Z,1.0,0.0,,,05fb81ea-7e85-4d0d-9587-64c907a45561,4.0,2018-07-20,2019-01-04,7.0,168.0,13.0,,3.0,,10.0,,4.0,,80.0,1.0,0.0,,,4.0
San Diego,37.0,2.0,2019.0,37,4.0,2.0,10.0,2019-10-27T18:05:00Z,,True,True,4.0,,33.259861,-117.027333,True,Miller Fire,100.0,2019-10-25T15:05:52Z,1.0,3.0,,,7ff229e4-be94-4319-8916-19eb43753843,2.0,2019-10-25,2019-10-27,10.0,2.0,37.0,2.0,4.0,2.0,10.0,,4.0,,100.0,1.0,3.0,,,2.0
San Diego,25.0,,2019.0,37,,,,2019-07-18T15:58:00Z,,True,True,,,32.794768,-116.839743,True,Vista Fire,,2019-07-17T17:42:04Z,,,,,06fa2750-afea-4f88-b1c4-48b9bc21f4eb,,2019-07-17,2019-07-18,7.0,1.0,25.0,,,,,,,,,,,,,
San Diego,200.0,0.0,2019.0,37,8.0,1.0,20.0,,,False,True,0.0,,32.787656,-116.806941,True,Dehesa Fire ,350.0,2019-09-24T15:00:00Z,,,,,94cd8534-defa-4a82-b1be-42a2704c13d2,5.0,2019-09-24,,9.0,,200.0,0.0,8.0,1.0,20.0,,0.0,,350.0,,,,,5.0
San Diego,120.0,,2019.0,37,,,,2019-06-21T14:22:00Z,,False,True,,,33.396840000000005,-117.29665,True,Weisgarber Fire,,2019-06-20T14:56:00Z,,,,,779c4b9a-19bf-487f-ba65-6589aea27420,,2019-06-20,2019-06-21,6.0,1.0,120.0,,,,,,,,,,,,,
San Diego,97.0,,2019.0,37,,,,2019-10-28T19:31:00Z,,False,True,,,33.055124,-116.742508,True,Sawday Fire ,150.0,2019-10-25T10:52:04Z,,,,,a6701bb9-7086-4dbc-ac5f-8c98eeb0279a,,2019-10-25,2019-10-28,10.0,3.0,97.0,,,,,,,,150.0,,,,,
San Luis Obispo,51.0,4.0,2013.0,40,5.0,3.0,15.0,2013-11-09T17:00:00Z,,False,True,2.0,,35.45797800000001,-120.751555,True,Toro Fire,219.0,2013-11-08T10:30:00Z,,,,,587c03e3-4831-47c1-8c03-c08176e91b11,,2013-11-08,2013-11-09,11.0,1.0,51.0,4.0,5.0,3.0,15.0,,2.0,,219.0,,,,,
San Luis Obispo,2446.0,,2015.0,40,26.0,3.0,23.0,2015-08-28T18:15:00Z,,False,True,3.0,1.0,35.3477,-120.6269,True,Cuesta Fire,692.0,2015-08-16T18:13:00Z,,1.0,,0.0,fde8f46b-0225-4489-be2d-68453a524190,8.0,2015-08-16,2015-08-28,8.0,12.0,2446.0,,26.0,3.0,23.0,,3.0,1.0,692.0,,1.0,,0.0,8.0
San Luis Obispo,1791.0,,2015.0,40,,,3.0,2015-06-24T18:30:00Z,,False,True,,4.0,0.0,0.0,True,Park Hill Fire,15.0,2015-06-20T14:41:00Z,,23.0,,,99cea36f-5797-409d-8be9-8140b2e63320,,2015-06-20,2015-06-24,6.0,4.0,1791.0,,,,3.0,,,4.0,15.0,,23.0,,,
San Luis Obispo,95.0,,2015.0,40,14.0,1.0,15.0,2015-07-15T07:00:00Z,,False,True,2.0,,35.7183,-121.0157,True,Deer Fire,379.0,2015-07-10T12:41:00Z,,,,,598a3d54-ce60-466e-b44f-0e7c8f9e4ff5,2.0,2015-07-10,2015-07-15,7.0,5.0,95.0,,14.0,1.0,15.0,,2.0,,379.0,,,,,2.0
San Luis Obispo,46344.0,,2016.0,40,,,,2016-09-06T07:30:00Z,,False,True,,1.0,35.70595,-120.98316,True,Chimney Fire,,2016-08-13T16:03:00Z,8.0,70.0,,,040d03d0-fbdd-438c-8174-f81e4a1bba57,,2016-08-13,2016-09-06,8.0,24.0,46344.0,,,,,,,1.0,,8.0,70.0,,,
San Luis Obispo,28687.0,,2017.0,40,21.0,4.0,92.0,2018-01-09T11:46:00Z,,False,True,,,35.0179,-120.3223,True,Alamo Fire,153.0,2017-07-06T15:44:00Z,1.0,0.0,,,5a43b164-04d0-46ea-992e-ea5aa283305f,9.0,2017-07-06,2018-01-09,7.0,187.0,28687.0,,21.0,4.0,92.0,,,,153.0,1.0,0.0,,,9.0
San Luis Obispo,1598.0,,2017.0,40,,,,2018-01-09T11:08:00Z,,False,True,,,35.4025,-120.4992,True,Hill Fire,,2017-06-26T15:27:00Z,,4.0,,,81b37451-57b5-4050-a54d-e9750f84a567,,2017-06-26,2018-01-09,6.0,197.0,1598.0,,,,,,,,,,4.0,,,
San Luis Obispo,340.0,,2017.0,40,,,,2018-01-09T11:51:00Z,,False,True,,,35.42433,-120.47322,True,Stone Fire,,2017-07-09T13:49:00Z,,,,,743b2276-742e-4d25-be9b-60364ca880f6,,2017-07-09,2018-01-09,7.0,184.0,340.0,,,,,,,,,,,,,
San Luis Obispo,245.0,,2017.0,40,,,,2018-01-09T13:23:00Z,,False,True,,,35.12269000000001,-120.39387,True,Huasna Fire,,2017-09-20T13:41:00Z,,,,,c64e288e-d258-45e0-8357-b7a7289c0b92,,2017-09-20,2018-01-09,9.0,111.0,245.0,,,,,,,,,,,,,
San Luis Obispo,150.0,,2017.0,40,,,,2018-01-09T12:05:00Z,,False,True,,,35.7751,-120.23656,True,Olive Fire,,2017-07-24T14:43:00Z,,,,,907cd7cd-cc26-4529-a9f8-cee1e1560086,,2017-07-24,2018-01-09,7.0,169.0,150.0,,,,,,,,,,,,,
San Luis Obispo,220.0,0.0,2019.0,40,8.0,4.0,20.0,2019-09-27T18:00:00Z,,False,True,2.0,4.0,35.214364,-120.455883,True,Lopez Fire,515.0,2019-09-21T14:26:00Z,,0.0,,24.0,840010ca-aef0-4f91-b771-3bf196317d03,2.0,2019-09-21,2019-09-27,9.0,6.0,220.0,0.0,8.0,4.0,20.0,,2.0,4.0,515.0,,0.0,,24.0,2.0
Santa Barbara,632.0,,2014.0,42,10.0,1.0,10.0,2014-05-19T09:20:00Z,,False,True,1.0,,34.609,-120.454,True,Miguelito Fire,548.0,2014-05-13T14:00:00Z,,,,1200.0,d08b0c4e-35d3-43fb-8af8-1756b1789172,3.0,2014-05-13,2014-05-19,5.0,6.0,632.0,,10.0,1.0,10.0,,1.0,,548.0,,,,1200.0,3.0
Santa Barbara,7474.0,,2016.0,42,,,,2016-07-12T14:30:00Z,,False,True,,,34.776,-119.643,True,Sherpa Fire,,2016-06-15T15:21:00Z,,,,,ffb3293b-3349-49c5-a7cb-c488391e8a72,,2016-06-15,2016-07-12,6.0,27.0,7474.0,,,,,,,,,,,,,
Santa Barbara,281893.0,,2017.0,42;56,,,,2019-03-14T11:24:00Z,,False,True,,,34.415209999999995,-119.09123999999998,True,Thomas Fire,,2017-12-04T18:28:00Z,280.0,1063.0,,,d28bc34e-73a8-454d-9e55-dea7bdd40bee,,2017-12-04,2019-03-14,12.0,465.0,140946.5,,,,,,,,,140.0,531.5,,,
Santa Barbara,113.0,,2018.0,42,,,,2019-01-04T09:54:00Z,,False,True,,,34.463889,-119.831389,True,Holiday Fire,,2018-07-06T20:40:00Z,,24.0,,,76725105-a814-4e8d-bd5b-d0f2f1879dae,,2018-07-06,2019-01-04,7.0,182.0,113.0,,,,,,,,,,24.0,,,
Santa Barbara,0.0,,2018.0,42;56,,,,2019-01-03T09:43:00Z,,False,True,,,0.0,0.0,True,Montecito Flooding / Mudflows,,2018-01-09T04:00:00Z,,,,,23cbd274-ded3-43ea-9174-b5615eac3244,,2018-01-09,2019-01-03,1.0,359.0,0.0,,,,,,,,,,,,,
Sonoma,3505.0,,2013.0,49,8.0,,5.0,2013-11-27T18:15:00Z,,False,True,,6.0,38.8167,-122.8498,True,McCabe Fire,188.0,2013-11-22T02:04:00Z,,1.0,,,b4bc1480-cbb8-4ef2-8d5f-88a496d21d10,,2013-11-22,2013-11-27,11.0,5.0,3505.0,,8.0,,5.0,,,6.0,188.0,,1.0,,,
Sonoma,125.0,,2013.0,49,9.0,5.0,17.0,2013-05-03T06:15:00Z,,False,True,5.0,,38.638828,-122.655616,True,Yellow Fire,249.0,2013-05-01T02:01:00Z,,,,,64e4f81e-d872-44c4-ba8d-111fa77124ba,5.0,2013-05-01,2013-05-03,5.0,2.0,125.0,,9.0,5.0,17.0,,5.0,,249.0,,,,,5.0
Sonoma,28.0,,2013.0,49;48;17;6,,,,2013-06-14T15:45:00Z,,False,True,,,38.4229,-122.0437,True,Sonoma-Lake-Napa Unit Lightning Fires,,2013-06-10T00:46:00Z,,,,,5ce45b6c-81b5-422c-9078-8c68dd872c8a,,2013-06-10,2013-06-14,6.0,4.0,7.0,,,,,,,,,,,,,
Sonoma,1547.0,,2016.0,49,,,3.0,2016-09-29T17:00:00Z,,False,True,,2.0,38.80017,-122.82895,True,Sawmill Fire,14.0,2016-09-25T10:43:00Z,,,,,8d9b87e4-6fdb-49e4-ba6d-be85ffd6b222,,2016-09-25,2016-09-29,9.0,4.0,1547.0,,,,3.0,,,2.0,14.0,,,,,
Sonoma,56556.0,,2017.0,28;49,,,,2018-02-09T09:30:00Z,3.0,False,True,,,38.4041,-122.5209,True,Nuns / Adobe / Norrbom/ Pressley / Partrick Fires / Oakmont (Central LNU Complex),,2017-10-08T22:00:00Z,172.0,1355.0,,,be79d28c-767d-4a0d-b168-e86a5842004f,,2017-10-08,2018-02-09,10.0,124.0,28278.0,,,,,1.5,,,,86.0,677.5,,,
Sonoma,36807.0,,2017.0,28;49,,,,2018-02-09T09:27:00Z,22.0,False,True,,,38.60895,-122.62879,True,Tubbs Fire (Central LNU Complex),,2017-10-08T21:45:00Z,317.0,5636.0,,,82c2aafa-ef04-49f0-a172-0dfa8a15582e,,2017-10-08,2018-02-09,10.0,124.0,18403.5,,,,,11.0,,,,158.5,2818.0,,,
Sonoma,17357.0,,2017.0,49,,,,2018-02-09T09:32:00Z,,False,True,,,38.76549,-122.90939,True,Pocket Fire (Central LNU Complex),,2017-10-09T03:30:00Z,2.0,6.0,,,0de36981-b31f-45c7-befd-1596f982e7db,,2017-10-09,2018-02-09,10.0,123.0,17357.0,,,,,,,,,2.0,6.0,,,
Sonoma,1868.0,,2017.0,49,,,,2018-01-09T13:33:00Z,,False,True,,,0.0,0.0,True,Adobe Fire (Central LNU Complex),,2017-10-09T01:00:00Z,,,,,9a5c9879-2e18-41a4-88d6-2360203dae79,,2017-10-09,2018-01-09,10.0,92.0,1868.0,,,,,,,,,,,,,
Sonoma,100.0,,2017.0,49,,,,2018-04-05T12:01:00Z,,False,True,,,38.46123,-122.58152,True,Oakmont Fire (Central LNU Complex),,2017-10-14T20:35:00Z,,,,,3f481060-1106-4857-8ac3-374a68763922,,2017-10-14,2018-04-05,10.0,173.0,100.0,,,,,,,,,,,,,
Sonoma,0.0,,2017.0,49,,,,2018-01-09T13:34:00Z,,False,True,,,38.36685,-122.64001,True,Pressley Fire (Central LNU Complex),,2017-10-09T01:30:00Z,,,,,15b21d31-eadf-47bb-a030-20c531b3077b,,2017-10-09,2018-01-09,10.0,92.0,0.0,,,,,,,,,,,,,
Sonoma,77758.0,,2019.0,49,2.0,0.0,5.0,2019-11-06T19:00:00Z,,False,True,0.0,4.0,38.792458,-122.780053,True,Kincade Fire,55.0,2019-10-23T21:27:00Z,60.0,374.0,,0.0,809d101c-8aa3-4a53-bf20-f38ae7ec7941,2.0,2019-10-23,2019-11-06,10.0,14.0,77758.0,,2.0,0.0,5.0,,0.0,4.0,55.0,60.0,374.0,,0.0,2.0
Tulare,430.0,,2015.0,54,,,,2015-07-26T10:30:00Z,,False,True,,,36.085212,-118.82423500000002,True,Triple Fire,,2015-07-21T12:35:00Z,,,,,9e2f6af4-ea45-4163-b6a1-e1fe9571fda3,,2015-07-21,2015-07-26,7.0,5.0,430.0,,,,,,,,,,,,,
Tulare,86.0,,2015.0,54,6.0,,10.0,2015-08-05T17:45:00Z,,False,True,,4.0,36.49845,-118.9009,True,Advance Fire,150.0,2015-07-30T12:40:00Z,,,,,2a6270c5-859f-4ffa-91c2-ecbee5ebdd7b,1.0,2015-07-30,2015-08-05,7.0,6.0,86.0,,6.0,,10.0,,,4.0,150.0,,,,,1.0
Tulare,36556.0,,2017.0,54,28.0,22.0,138.0,2018-01-09T12:47:00Z,,False,True,7.0,5.0,36.15356,-118.74103,True,Pier Fire,1728.0,2017-08-29T08:29:00Z,,2.0,,540.0,c8ebf0c1-e560-4e22-a946-129af8699dfb,27.0,2017-08-29,2018-01-09,8.0,133.0,36556.0,,28.0,22.0,138.0,,7.0,5.0,1728.0,,2.0,,540.0,27.0
Tulare,339.0,,2017.0,54,19.0,0.0,30.0,2018-01-09T10:28:00Z,,False,True,1.0,4.0,36.45809000000001,-118.87676,True,Dinely Fire,435.0,2017-06-07T11:55:00Z,,,,,6802ed2f-5a5a-4a38-a236-e5a688639b6f,3.0,2017-06-07,2018-01-09,6.0,216.0,339.0,,19.0,0.0,30.0,,1.0,4.0,435.0,,,,,3.0
Tulare,135.0,,2017.0,54,10.0,,20.0,2018-01-09T10:32:00Z,,False,True,1.0,2.0,35.8556,-118.74542,True,King Fire,212.0,2017-06-13T17:00:00Z,,,,,5f0c7697-7be3-49af-b98c-f5789e3ca6f9,2.0,2017-06-13,2018-01-09,6.0,210.0,135.0,,10.0,,20.0,,1.0,2.0,212.0,,,,,2.0
Yolo,6488.0,,2014.0,57,,,2.0,2014-07-12T18:00:00Z,,False,True,,5.0,38.512,-122.104,True,Monticello Fire,87.0,2014-07-04T21:32:00Z,,,,,756d8f5b-bc05-4741-a5a3-3b20ca21906d,,2014-07-04,2014-07-12,7.0,8.0,6488.0,,,,2.0,,,5.0,87.0,,,,,
Yolo,5731.0,,2016.0,57,2.0,,5.0,2016-08-12T15:00:00Z,,False,True,,,38.52513,-122.06788,True,Cold Fire,58.0,2016-08-02T16:36:00Z,,2.0,,,057fd4e2-7400-4fc4-9b23-3daf67fc8610,,2016-08-02,2016-08-12,8.0,10.0,5731.0,,2.0,,5.0,,,,58.0,,2.0,,,
Yolo,2269.0,,2017.0,57,4.0,,10.0,2018-01-09T11:45:00Z,,False,True,,4.0,38.49521,-122.0251,True,Winters Fire,123.0,2017-07-06T12:41:00Z,,,,,a7509e35-3083-4306-bcce-ebf6d101b62a,1.0,2017-07-06,2018-01-09,7.0,187.0,2269.0,,4.0,,10.0,,,4.0,123.0,,,,,1.0
Yolo,90288.0,,2018.0,28;57,,,,2019-01-04T09:57:00Z,,False,True,,1.0,38.80583,-122.18183,True,County Fire,,2018-06-30T14:12:00Z,,29.0,,,97ff14e8-6d08-4214-ad3b-847fa3a0e84a,,2018-06-30,2019-01-04,6.0,188.0,45144.0,,,,,,,0.5,,,14.5,,,
Yolo,2512.0,,2019.0,57,,,,2019-06-17T10:40:00Z,,False,True,,2.0,38.88978,-122.23922,True,Sand Fire,,2019-06-08T14:50:00Z,,7.0,,,1760d7f8-57a2-4a04-b7e5-0861cc0ee963,,2019-06-08,2019-06-17,6.0,9.0,2512.0,,,,,,,2.0,,,7.0,,,
Madera,482.0,,2013.0,20,,,,2013-06-18T19:30:00Z,,False,True,,,37.015575,-119.78106,True,Rolling Fire,,2013-06-16T18:17:00Z,,1.0,,,05d0fed7-8502-4a6f-9c5c-b9cee0e75408,,2013-06-16,2013-06-18,6.0,2.0,482.0,,,,,,,,,,1.0,,,
Madera,91.0,2.0,2013.0,20,6.0,2.0,24.0,2013-05-20T19:10:00Z,,False,True,2.0,,37.1927,-119.7917,True,Lilly 2 Fire,,2013-05-19T15:07:00Z,,1.0,,,2b765a08-c770-4b19-baa8-00dffe3fa838,2.0,2013-05-19,2013-05-20,5.0,1.0,91.0,2.0,6.0,2.0,24.0,,2.0,,,,1.0,,,2.0
Madera,75.0,,2013.0,20,15.0,13.0,13.0,2013-06-14T16:30:00Z,,False,True,,,37.169379,-119.75636000000002,True,Revis Fire,221.0,2013-06-12T16:40:00Z,,,,,7055a440-5d4c-4f58-bac9-2954ff6698a5,13.0,2013-06-12,2013-06-14,6.0,2.0,75.0,,15.0,13.0,13.0,,,,221.0,,,,,13.0
Madera,612.0,,2014.0,20,6.0,2.0,7.0,2014-08-25T08:25:00Z,,False,True,,3.0,37.3433,-119.6581,True,Junction Fire,188.0,2014-08-18T13:50:00Z,,47.0,,,58e7e466-8807-404e-9ef6-5a6ae11a0084,3.0,2014-08-18,2014-08-25,8.0,7.0,612.0,,6.0,2.0,7.0,,,3.0,188.0,,47.0,,,3.0
Madera,320.0,,2014.0,20,2.0,,4.0,2014-09-22T07:15:00Z,,False,True,,4.0,37.311915,-119.604124,True,Courtney Fire,90.0,2014-09-14T13:36:00Z,2.0,69.0,,,614efdbb-937e-47a0-9ffd-919e5e0de436,1.0,2014-09-14,2014-09-22,9.0,8.0,320.0,,2.0,,4.0,,,4.0,90.0,2.0,69.0,,,1.0
Madera,920.0,,2015.0,20,2.0,2.0,,2015-06-25T18:45:00Z,,False,True,,,37.165767,-119.523943,True,Corrine Fire,43.0,2015-06-18T21:00:00Z,,3.0,,,fa8ba2dd-c9f7-454a-870b-1b39c0d8b31a,2.0,2015-06-18,2015-06-25,6.0,7.0,920.0,,2.0,2.0,,,,,43.0,,3.0,,,2.0
Madera,80.0,,2016.0,20,,,,2016-07-25T19:20:00Z,,False,True,,,0.0,0.0,True,Serpa Fire,,2016-07-21T12:53:00Z,,,,,3e9fd887-dc53-4d90-a8b4-492670fcab8f,,2016-07-21,2016-07-25,7.0,4.0,80.0,,,,,,,,,,,,,
Madera,1431.0,,2017.0,20,,,3.0,2018-01-09T10:30:00Z,,False,True,,,37.0825,-119.8011,True,Oakwood Fire,13.0,2017-06-10T13:19:00Z,,,,,d11a4f65-9523-40d8-989a-6603705e9638,,2017-06-10,2018-01-09,6.0,213.0,1431.0,,,,3.0,,,,13.0,,,,,
Madera,1035.0,,2017.0,20,,,,2018-01-09T13:18:00Z,,False,True,,,37.21616,-119.48067,True,Mission Fire,,2017-09-03T13:06:00Z,,4.0,,,297d6516-ce4f-407d-93f8-9669dc6fd392,,2017-09-03,2018-01-09,9.0,128.0,1035.0,,,,,,,,,,4.0,,,
Madera,360.0,,2018.0,20,,,,2019-01-04T09:03:00Z,,False,True,,,37.38789000000001,-119.68912,True,Oak Fire,,2018-09-22T15:44:00Z,,,,,6b6dff76-8fab-4852-a71c-e735f87bd6fa,,2018-09-22,2019-01-04,9.0,104.0,360.0,,,,,,,,,,,,,
Madera,56.0,,2018.0,20,,,,2019-01-04T10:23:00Z,,False,True,,,37.0979,-119.75307,True,Experimental Fire,,2018-05-23T14:30:00Z,,,,,f163aa10-1dd9-4fd0-9e5b-fda78ef5bcc6,,2018-05-23,2019-01-04,5.0,226.0,56.0,,,,,,,,,,,,,
Calaveras,46.0,,2013.0,5,18.0,18.0,30.0,2013-08-19T07:10:00Z,,False,True,18.0,2.0,38.06231,-120.45233,True,Bridges Fire,169.0,2013-08-17T10:11:00Z,,,,,10445e2c-979d-49a2-82c2-c3789bd2449a,18.0,2013-08-17,2013-08-19,8.0,2.0,46.0,,18.0,18.0,30.0,,18.0,2.0,169.0,,,,,18.0
Calaveras,85.0,,2014.0,5,,,,2014-06-24T19:00:00Z,,False,True,,1.0,38.058,-120.66,True,Oak Fire,,2014-06-22T12:37:00Z,,1.0,,,06ae83a9-125e-4cf5-826e-8b541b2308fd,,2014-06-22,2014-06-24,6.0,2.0,85.0,,,,,,,1.0,,,1.0,,,
Calaveras,114.0,,2015.0,5,,,5.0,2015-08-18T07:15:00Z,,False,True,,,38.052,-120.5577,True,Mark Fire,20.0,2015-08-13T16:15:00Z,,,,,fe668595-0980-4f41-af0c-3f14c4d391c2,,2015-08-13,2015-08-18,8.0,5.0,114.0,,,,5.0,,,,20.0,,,,,
Calaveras,450.0,,2016.0,5,,,,2016-08-31T18:50:00Z,,False,True,,,38.1874,-120.6381,True,Willow Fire,,2016-08-28T13:07:00Z,,,,,db833182-22df-44cc-ba10-0901e74222bc,,2016-08-28,2016-08-31,8.0,3.0,450.0,,,,,,,,,,,,,
Calaveras,83.0,,2016.0,5,,,,2016-06-16T10:00:00Z,,False,True,,1.0,0.0,0.0,True,Cheyenne Fire,,2016-06-15T12:46:00Z,1.0,2.0,,,a56880f1-16c0-4d23-8f5a-b9ac436694bb,,2016-06-15,2016-06-16,6.0,1.0,83.0,,,,,,,1.0,,1.0,2.0,,,
Calaveras,57.0,,2016.0,5,,,,2016-07-22T19:00:00Z,,False,True,,,37.98171,-120.64241,True,Baker Fire,,2016-07-21T15:06:00Z,,,,,2dae3029-2d17-445a-9fac-e95345b179e0,,2016-07-21,2016-07-22,7.0,1.0,57.0,,,,,,,,,,,,,
Calaveras,130.0,,2017.0,5,,,,2018-01-09T13:33:00Z,,False,True,,,38.40234,-120.52953,True,Point Fire,,2017-10-09T01:10:00Z,,4.0,,,f30518d1-83ef-440c-8058-d4189bfedab7,,2017-10-09,2018-01-09,10.0,92.0,130.0,,,,,,,,,,4.0,,,
Calaveras,117.0,,2017.0,5,,,,2018-01-09T11:58:00Z,,False,True,,,38.29113,-120.62177,True,Maria Fire,,2017-07-17T12:55:00Z,,,,,2f9f1bf9-6188-46a2-b91f-f212cdd21528,,2017-07-17,2018-01-09,7.0,176.0,117.0,,,,,,,,,,,,,
Calaveras,59.0,,2017.0,5,,,,2018-01-09T11:53:00Z,,False,True,,,38.18303,-120.85322,True,Quail Fire,,2017-07-12T13:10:00Z,,,,,6f9581fa-7c8a-45d1-988d-0a299fc15d62,,2017-07-12,2018-01-09,7.0,181.0,59.0,,,,,,,,,,,,,
Calaveras,80.0,,2018.0,5,,,,2019-01-04T10:01:00Z,,False,True,,,37.95766,-120.68902,True,Horse Fire,,2018-06-24T15:28:00Z,,2.0,,,f2d02439-f682-47e7-b6e9-6e51ca068c86,,2018-06-24,2019-01-04,6.0,194.0,80.0,,,,,,,,,,2.0,,,
Mariposa,1708.0,,2013.0,22,2.0,,,2013-06-26T11:15:00Z,,False,True,,1.0,37.58202,-119.91071,True,Carstens Fire,112.0,2013-06-16T14:12:00Z,,,,,bb2eb175-43a3-4a5c-bff6-e3669e52c1d1,4.0,2013-06-16,2013-06-26,6.0,10.0,1708.0,,2.0,,,,,1.0,112.0,,,,,4.0
Mariposa,677.0,,2014.0,22,2.0,,2.0,2014-06-02T18:30:00Z,,False,True,,9.0,0.0,0.0,True,Hunters Fire,32.0,2014-05-26T15:33:00Z,,3.0,,,8d3451be-f3be-4a8b-b747-ab121f0d52cb,,2014-05-26,2014-06-02,5.0,7.0,677.0,,2.0,,2.0,,,9.0,32.0,,3.0,,,
Mariposa,300.0,,2014.0,22,,,,2014-09-12T09:00:00Z,,False,True,,3.0,0.0,0.0,True,Bridge Fire,,2014-09-05T12:39:00Z,,,,,987ced78-a554-4a1b-a2f2-2f8329292067,,2014-09-05,2014-09-12,9.0,7.0,300.0,,,,,,,3.0,,,,,,
Mariposa,130.0,,2014.0,22,,1.0,,2014-06-13T18:30:00Z,,False,True,,1.0,37.7103,-120.197,True,Haigh Fire,10.0,2014-06-10T15:11:00Z,,,,,50567f4a-c56d-4d73-9855-f5d81fa74025,4.0,2014-06-10,2014-06-13,6.0,3.0,130.0,,,1.0,,,,1.0,10.0,,,,,4.0
Mariposa,90.0,,2014.0,22,12.0,5.0,15.0,2014-06-08T19:45:00Z,,False,True,4.0,,0.0,0.0,True,Valley Fire,356.0,2014-06-06T17:29:00Z,,,,40.0,a856545c-5922-4d6a-bffb-2048188c0fa3,,2014-06-06,2014-06-08,6.0,2.0,90.0,,12.0,5.0,15.0,,4.0,,356.0,,,,40.0,
Mariposa,60.0,,2015.0,22,,,,2015-06-19T20:05:00Z,,False,True,,,0.0,0.0,True,Triangle Fire,,2015-06-18T12:03:00Z,,,,,8d98f943-8a04-4ad5-b884-84986a521c3f,,2015-06-18,2015-06-19,6.0,1.0,60.0,,,,,,,,,,,,,
Mariposa,25.0,,2015.0,22,2.0,,5.0,2015-06-09T09:00:00Z,,False,True,,,0.0,0.0,True,Fox Fire,60.0,2015-06-07T12:06:00Z,,,,,794934ea-f2b0-4b88-b853-3f2510654e09,1.0,2015-06-07,2015-06-09,6.0,2.0,25.0,,2.0,,5.0,,,,60.0,,,,,1.0
Mariposa,81826.0,,2017.0,22,,,,2018-01-09T11:57:00Z,,False,True,,,37.61757,-120.21321,True,Detwiler Fire,,2017-07-16T15:56:00Z,21.0,131.0,,0.0,9feb25c4-d3ae-4f78-9fc9-a1ad2b308e42,,2017-07-16,2018-01-09,7.0,177.0,81826.0,,,,,,,,,21.0,131.0,,0.0,
Mariposa,680.0,,2017.0,22,,,1.0,2018-01-09T12:51:00Z,,False,True,,,37.37397,-119.83556000000002,True,Peak Fire,8.0,2017-09-03T13:10:00Z,,2.0,,,c7a0a280-17c9-409b-85f9-fdda301b6ede,,2017-09-03,2018-01-09,9.0,128.0,680.0,,,,1.0,,,,8.0,,2.0,,,
Mariposa,630.0,,2017.0,22,1.0,,,2018-01-09T11:10:00Z,,False,True,,,37.3762,-119.9646,True,Ben Fire,380.0,2017-06-28T15:49:00Z,,,,,d36387df-af2a-4b20-a94f-589fdccf67cd,5.0,2017-06-28,2018-01-09,6.0,195.0,630.0,,1.0,,,,,,380.0,,,,,5.0
Mariposa,225.0,,2017.0,22,23.0,,41.0,2018-01-09T11:17:00Z,,False,True,,,37.4591,-119.921,True,Spring Fire,498.0,2017-07-02T13:36:00Z,1.0,0.0,,,3980fbbb-d17b-4deb-83a4-9af2290b5272,6.0,2017-07-02,2018-01-09,7.0,191.0,225.0,,23.0,,41.0,,,,498.0,1.0,0.0,,,6.0
Mariposa,115.0,,2018.0,22,,,,2019-01-04T10:04:00Z,,False,True,,,37.707234,-120.19916200000002,True,Wheeler Fire,,2018-06-18T12:30:00Z,,,,,8f98a50c-fac6-4dcd-844f-76c49891f0f6,,2018-06-18,2019-01-04,6.0,200.0,115.0,,,,,,,,,,,,,
Mariposa,53.0,,2018.0,22,,,,2019-01-04T10:05:00Z,,False,True,,,37.47677,-119.84299,True,Boyer Fire,,2018-06-15T13:37:00Z,,1.0,,,42bd7e44-5bfa-4e25-961d-941a18bc00d0,,2018-06-15,2019-01-04,6.0,203.0,53.0,,,,,,,,,,1.0,,,
Mariposa,5563.0,,2019.0,22,,,,,,False,True,,,37.604638,-119.96606,True,Briceburg Fire,19.0,2019-10-06T16:15:12Z,,1.0,,,e7aeb204-15af-4a2a-8f2a-bfd2c8dbe411,3.0,2019-10-06,,10.0,,5563.0,,,,,,,,19.0,,1.0,,,3.0
Solano,28.0,,2013.0,49;48;17;6,,,,2013-06-14T15:45:00Z,,False,True,,,38.4229,-122.0437,True,Sonoma-Lake-Napa Unit Lightning Fires,,2013-06-10T00:46:00Z,,,,,5ce45b6c-81b5-422c-9078-8c68dd872c8a,,2013-06-10,2013-06-14,6.0,4.0,7.0,,,,,,,,,,,,,
Solano,150.0,0.0,2015.0,48,13.0,3.0,15.0,2015-07-08T20:45:00Z,,False,True,0.0,,38.4113,-122.0789,True,Sky Fire,275.0,2015-07-06T10:47:00Z,,,,,28b81794-bb66-466e-b9dc-337c47be5678,5.0,2015-07-06,2015-07-08,7.0,2.0,150.0,0.0,13.0,3.0,15.0,,0.0,,275.0,,,,,5.0
Solano,40.0,2.0,2015.0,48,2.0,2.0,5.0,2015-07-10T17:00:00Z,,False,True,1.0,,38.1029,-122.1578,True,Ascot Fire,70.0,2015-07-10T13:36:00Z,,,,,dff0f39c-bed4-4910-9c22-d9ccd4142809,2.0,2015-07-10,2015-07-10,7.0,0.0,40.0,2.0,2.0,2.0,5.0,,1.0,,70.0,,,,,2.0
Solano,51624.0,,2017.0,28;48,,,,2018-02-09T09:37:00Z,6.0,False,True,,,38.39206,-122.24367,True,Atlas Fire (Southern LNU Complex),,2017-10-08T21:52:00Z,783.0,120.0,,,676946dc-1b38-4a09-9bbe-9ce638cfed52,,2017-10-08,2018-02-09,10.0,124.0,25812.0,,,,,3.0,,,,391.5,60.0,,,
Solano,55.0,,2017.0,48,,,,2018-01-09T13:23:00Z,,False,True,,,38.4446,-122.0041,True,Estate Fire,,2017-09-23T11:05:00Z,1.0,2.0,,,c9009967-c0c1-47d3-b2eb-47b2d7a5da0e,,2017-09-23,2018-01-09,9.0,108.0,55.0,,,,,,,,,1.0,2.0,,,
Solano,2162.0,,2018.0,48,4.0,2.0,11.0,2019-01-04T09:20:00Z,,False,True,1.0,,38.431278000000006,-122.043747,True,Nelson Fire,180.0,2018-08-10T16:57:00Z,,1.0,,10.0,2ce8de99-7e66-4de8-9426-48a4fc8500ac,4.0,2018-08-10,2019-01-04,8.0,147.0,2162.0,,4.0,2.0,11.0,,1.0,,180.0,,1.0,,10.0,4.0
Siskiyou,516.0,,2014.0,47,14.0,2.0,10.0,2014-10-11T18:50:00Z,,False,True,,1.0,41.42384000000001,-122.37432,True,Boles Fire,453.0,2014-09-15T13:38:00Z,7.0,165.0,,1100.0,ad164a35-8b27-4f96-b78e-952b08a333e8,,2014-09-15,2014-10-11,9.0,26.0,516.0,,14.0,2.0,10.0,,,1.0,453.0,7.0,165.0,,1100.0,
Siskiyou,30.0,,2014.0,47,,,,2014-08-02T11:00:00Z,,False,True,,,0.0,0.0,True,Siskiyou County Lightning Fires,,2014-07-29T13:00:00Z,,,,,279d9058-7545-488b-8a83-51b12e60cb47,,2014-07-29,2014-08-02,7.0,4.0,30.0,,,,,,,,,,,,,
Siskiyou,24.0,,2015.0,47,2.0,,3.0,2015-07-22T17:00:00Z,,False,True,,,41.999341,-121.891226,True,Dorris Fire,49.0,2015-07-21T17:00:00Z,,,,,098eb80f-1ecb-489d-baef-1440fa0e98d6,1.0,2015-07-21,2015-07-22,7.0,1.0,24.0,,2.0,,3.0,,,,49.0,,,,,1.0
Siskiyou,710.0,,2016.0,47,,,,2016-08-30T06:45:00Z,,False,True,,,41.7813,-122.611,True,Grade Fire,,2016-08-24T14:55:00Z,1.0,5.0,,,a2a6199c-704a-4826-a51b-23e6ee123349,,2016-08-24,2016-08-30,8.0,6.0,710.0,,,,,,,,,1.0,5.0,,,
Siskiyou,469.0,,2017.0,47,,,,2018-01-09T11:44:00Z,,False,True,,,41.3975,-122.8428,True,Fay Fire,,2017-07-05T11:05:00Z,,,,,b383e4bd-6815-4624-936c-be57715ce50e,,2017-07-05,2018-01-09,7.0,188.0,469.0,,,,,,,,,,,,,
Siskiyou,46.0,,2017.0,47,,,,2018-01-09T10:27:00Z,,False,True,,,41.8721,-122.4571,True,Whitepine Fire,,2017-06-06T16:38:00Z,,,,,f8b61fab-bd14-4e92-960a-d512693ea8e5,,2017-06-06,2018-01-09,6.0,217.0,46.0,,,,,,,,,,,,,
Siskiyou,19.0,,2017.0,47,,,,2018-01-09T11:08:00Z,,False,True,,,40.703775,-122.645079,True,King Fire,,2017-06-26T12:30:00Z,,,,,91d07ea9-cf5f-489c-aa4f-97fa6c0fb8a4,,2017-06-26,2018-01-09,6.0,197.0,19.0,,,,,,,,,,,,,
Siskiyou,38008.0,,2018.0,47,6.0,4.0,12.0,2019-01-04T09:55:00Z,1.0,False,True,2.0,3.0,41.893332,-122.534655,True,Klamathon Fire,350.0,2018-07-05T12:31:00Z,12.0,83.0,,,d7e7eaca-5716-48b3-bd34-37acea282634,4.0,2018-07-05,2019-01-04,7.0,183.0,38008.0,,6.0,4.0,12.0,1.0,2.0,3.0,350.0,12.0,83.0,,,4.0
Siskiyou,224.0,,2018.0,47,,,,2019-01-04T09:44:00Z,,False,True,,,41.70877,-122.47293,True,Steamboat Fire,,2018-07-15T09:58:00Z,,,,,052acbfd-0552-47ac-8be7-6f79b4aecf0e,,2018-07-15,2019-01-04,7.0,173.0,224.0,,,,,,,,,,,,,
Inyo,406.0,,2013.0,14,25.0,25.0,25.0,2013-02-28T20:00:00Z,,False,True,,2.0,36.602575,-118.01651,True,River Fire,476.0,2013-02-24T08:16:00Z,,0.0,,0.0,094719ba-a47b-4abb-9ec5-a506b2b9fd23,25.0,2013-02-24,2013-02-28,2.0,4.0,406.0,,25.0,25.0,25.0,,,2.0,476.0,,0.0,,0.0,25.0
Inyo,113.0,,2014.0,14,11.0,1.0,12.0,2014-04-21T19:15:00Z,,False,True,2.0,,37.399,-118.352,True,Bridges Fire,256.0,2014-04-19T15:54:00Z,,,,,1faad916-32b9-4cd0-94b8-dacfe71fa9f8,,2014-04-19,2014-04-21,4.0,2.0,113.0,,11.0,1.0,12.0,,2.0,,256.0,,,,,
Inyo,7000.0,,2015.0,14;26,6.0,1.0,7.0,2015-02-12T07:35:00Z,,False,True,,4.0,0.0,0.0,True,Round Fire,100.0,2015-02-06T14:07:00Z,5.0,40.0,,,7ed61f45-7e2b-449b-8ead-d34b75a5e818,,2015-02-06,2015-02-12,2.0,6.0,3500.0,,3.0,0.5,3.5,,,2.0,50.0,2.5,20.0,,,
Inyo,2883.0,,2018.0,14,20.0,3.0,22.0,2019-01-04T09:54:00Z,,False,True,7.0,,36.6734,-118.21881,True,Georges Fire,564.0,2018-07-08T13:36:00Z,,,,,09395db0-1c76-43c3-a3db-d18081b31a35,4.0,2018-07-08,2019-01-04,7.0,180.0,2883.0,,20.0,3.0,22.0,,7.0,,564.0,,,,,4.0
Inyo,2070.0,,2018.0,14,,,,2019-01-03T09:43:00Z,,False,True,,,37.40208,-118.50235,True,Pleasant Fire,,2018-02-18T14:12:00Z,,,,,3d866877-330a-4a14-b5bd-48675955af64,,2018-02-18,2019-01-03,2.0,319.0,2070.0,,,,,,,,,,,,,
Inyo,1265.0,,2018.0,14,12.0,1.0,17.0,2019-01-03T13:09:00Z,,False,True,2.0,,36.71537,-118.08449,True,Moffat Fire,325.0,2018-04-19T10:28:00Z,,,,,a339b368-ec58-463e-9a26-9af37c938f49,1.0,2018-04-19,2019-01-03,4.0,259.0,1265.0,,12.0,1.0,17.0,,2.0,,325.0,,,,,1.0
Inyo,10296.0,,2019.0,14,8.0,1.0,8.0,2019-11-21T16:09:00Z,,False,True,5.0,,37.034,-118.345,True,Taboose Fire,269.0,2019-09-06T12:43:35Z,,,,,e7ea56c5-4290-4406-b0a5-c9d1718e9700,4.0,2019-09-06,2019-11-21,9.0,76.0,10296.0,,8.0,1.0,8.0,,5.0,,269.0,,,,,4.0
Monterey,400.0,,2014.0,27,,,,2014-03-21T18:00:00Z,,False,True,,,36.6313,-121.4819,True,Encinal Fire,,2014-03-19T16:45:00Z,,,,,cb580f06-5d43-46aa-8b2c-f2b5a21eff02,,2014-03-19,2014-03-21,3.0,2.0,400.0,,,,,,,,,,,,,
Monterey,1086.0,,2015.0,27,,,,2015-09-27T18:15:00Z,1.0,False,True,,0.0,36.3699644,-121.589554,True,Tassajara Fire,55.0,2015-09-19T15:00:00Z,1.0,20.0,,,1f54817c-8832-4a47-8ede-ab8072f52677,,2015-09-19,2015-09-27,9.0,8.0,1086.0,,,,,1.0,,0.0,55.0,1.0,20.0,,,
Monterey,132127.0,,2016.0,27,,,,2016-10-13T11:30:00Z,,False,True,,,36.45994,-121.89938,True,Soberanes Fire,,2016-07-22T08:48:00Z,,,,,977ac7ce-4204-4cd3-9f89-727142165261,,2016-07-22,2016-10-13,7.0,83.0,132127.0,,,,,,,,,,,,,
Monterey,3876.0,,2016.0,27,,,5.0,2016-05-25T18:15:00Z,,False,True,,1.0,36.38123,-121.20059,True,Metz Fire,22.0,2016-05-22T15:27:00Z,,,,,55fa95e6-f09e-42c4-889b-a4b5b63dccf2,,2016-05-22,2016-05-25,5.0,3.0,3876.0,,,,5.0,,,1.0,22.0,,,,,
Monterey,32.0,,2017.0,27,,,,2018-01-09T10:34:00Z,,False,True,,,35.90092,-120.93371,True,Shore Fire,,2017-06-16T15:49:00Z,,,,,7cae5704-9ba2-487c-a48b-bb440c95da6e,,2017-06-16,2018-01-09,6.0,207.0,32.0,,,,,,,,,,,,,
Monterey,17.0,,2017.0,27,,,,2018-01-09T09:59:00Z,,False,True,,,36.2771,-120.94328,True,Lonoak Fire,,2017-05-17T15:18:00Z,,,,,2d12b95c-3f4e-41bc-a771-8ae2cb80b99e,,2017-05-17,2018-01-09,5.0,237.0,17.0,,,,,,,,,,,,,
Shasta,8073.0,,2013.0,45,12.0,3.0,30.0,2013-09-15T07:30:00Z,,False,True,,6.0,40.498332,-122.535496,True,Clover Fire,342.0,2013-09-09T12:32:00Z,10.0,201.0,,,92af9783-eda9-4186-afe9-447f61a92636,,2013-09-09,2013-09-15,9.0,6.0,8073.0,,12.0,3.0,30.0,,,6.0,342.0,10.0,201.0,,,
Shasta,196.0,,2013.0,45,24.0,24.0,31.0,2013-08-23T19:15:00Z,,False,True,24.0,,40.5445,-121.3754,True,Burney Lightning Series (Warner Fire),347.0,2013-08-19T17:48:00Z,,,,,f21a41c6-0905-4531-9bdf-2456d0051eed,24.0,2013-08-19,2013-08-23,8.0,4.0,196.0,,24.0,24.0,31.0,,24.0,,347.0,,,,,24.0
Shasta,32416.0,,2014.0,45,1.0,,8.0,2014-08-25T10:00:00Z,,False,True,,11.0,40.72,-121.562,True,Eiler Fire,78.0,2014-07-31T18:04:00Z,,21.0,,,60ea04ec-5f5e-4a49-8fbc-fa50c17a1199,4.0,2014-07-31,2014-08-25,7.0,25.0,32416.0,,1.0,,8.0,,,11.0,78.0,,21.0,,,4.0
Shasta,12661.0,,2014.0,45,,,,2014-07-26T20:00:00Z,,False,True,,21.0,40.4314,-122.750788,True,Bully Fire,,2014-07-11T15:37:00Z,,20.0,,0.0,3a1fab73-882a-478c-b289-504497db4d64,,2014-07-11,2014-07-26,7.0,15.0,12661.0,,,,,,,21.0,,,20.0,,0.0,
Shasta,1375.0,,2014.0,45,4.0,,7.0,2014-09-16T09:30:00Z,,False,True,,4.0,40.7101,-122.171,True,Gulch Fire,169.0,2014-09-10T00:30:00Z,,4.0,,,b22e378f-bfbc-40b8-aaa7-29ec6db13db1,2.0,2014-09-10,2014-09-16,9.0,6.0,1375.0,,4.0,,7.0,,,4.0,169.0,,4.0,,,2.0
Shasta,75.0,,2014.0,45,5.0,1.0,3.0,2014-07-08T18:30:00Z,,False,True,,,40.5719,-121.3415,True,Cassel Fire,108.0,2014-07-05T18:44:00Z,,,,,0bc42201-27c2-4b3d-a329-ce44bc1261d9,2.0,2014-07-05,2014-07-08,7.0,3.0,75.0,,5.0,1.0,3.0,,,,108.0,,,,,2.0
Shasta,212.0,,2015.0,45,3.0,1.0,20.0,2015-08-01T19:00:00Z,,False,True,2.0,2.0,40.415108,-122.439939,True,China Fire,120.0,2015-07-29T17:55:00Z,1.0,5.0,,,efe937e3-8b63-4495-b578-e2582fb2166d,5.0,2015-07-29,2015-08-01,7.0,3.0,212.0,,3.0,1.0,20.0,,2.0,2.0,120.0,1.0,5.0,,,5.0
Shasta,109.0,,2015.0,45,2.0,,2.0,2015-09-13T10:15:00Z,,False,True,,,40.47512,-122.52541,True,Walker Fire,45.0,2015-09-11T15:08:00Z,,,,,dbd39ec2-546c-4afc-9ff2-b1939eead03e,1.0,2015-09-11,2015-09-13,9.0,2.0,109.0,,2.0,,2.0,,,,45.0,,,,,1.0
Shasta,75.0,,2015.0,45,,,,2015-08-04T18:00:00Z,,False,True,,,40.67868,-121.93244,True,Fern Fire,,2015-08-02T03:00:00Z,,,,,dfd02b2e-7e2d-4636-a178-0ebff2d170c8,,2015-08-02,2015-08-04,8.0,2.0,75.0,,,,,,,,,,,,,
Shasta,75.0,,2015.0,45,1.0,,4.0,2015-07-31T18:40:00Z,,False,True,,2.0,40.509552,-122.199227,True,Mallard Fire,40.0,2015-07-29T16:30:00Z,,1.0,,,259d9359-0cc2-4058-bfc2-f28ab2a540f4,4.0,2015-07-29,2015-07-31,7.0,2.0,75.0,,1.0,,4.0,,,2.0,40.0,,1.0,,,4.0
Shasta,59.0,,2015.0,45,,,2.0,2015-08-04T08:15:00Z,,False,True,,,40.3929,-122.40546,True,Point Fire,,2015-08-03T14:28:00Z,,,,,6c5fcfc7-659a-44ee-b225-c4ae919882e7,1.0,2015-08-03,2015-08-04,8.0,1.0,59.0,,,,2.0,,,,,,,,,1.0
Shasta,18.0,,2015.0,45,2.0,,6.0,2015-07-08T16:30:00Z,,False,True,,1.0,40.5953,-122.4397,True,Keswick Fire,,2015-07-07T12:34:00Z,,,,,64fa2a72-b964-421d-b88f-5ac2e37647d4,3.0,2015-07-07,2015-07-08,7.0,1.0,18.0,,2.0,,6.0,,,1.0,,,,,,3.0
Shasta,441.0,,2016.0,45,10.0,,20.0,2016-07-12T07:00:00Z,,False,True,,1.0,40.36873,-122.72913,True,Fiddler Fire,241.0,2016-07-08T22:45:00Z,,1.0,,,67c0a269-05bb-4b4f-af22-68a1c5ac3adf,5.0,2016-07-08,2016-07-12,7.0,4.0,441.0,,10.0,,20.0,,,1.0,241.0,,1.0,,,5.0
Shasta,995.0,,2017.0,45,14.0,1.0,15.0,2018-01-09T13:21:00Z,,False,True,2.0,3.0,40.98352,-121.81623,True,Berry Fire,317.0,2017-09-12T06:58:00Z,,,,,4a015862-8ac1-4c91-aa4c-c9831630b75a,3.0,2017-09-12,2018-01-09,9.0,119.0,995.0,,14.0,1.0,15.0,,2.0,3.0,317.0,,,,,3.0
Shasta,180.0,,2017.0,45,,,,2018-01-09T12:01:00Z,,False,True,,,40.47106,-122.43608,True,Laverne Fire,,2017-07-18T12:39:00Z,,5.0,,,3c61a039-cf71-40da-89e9-bcc5a62e2c1a,,2017-07-18,2018-01-09,7.0,175.0,180.0,,,,,,,,,,5.0,,,
Shasta,17.0,,2017.0,45,1.0,,2.0,2018-01-09T12:42:00Z,,False,True,,,40.92602,-121.5935,True,Corner Fire,20.0,2017-08-17T14:15:00Z,,,,,1b49e4e3-7506-4bf4-b86f-fd3ca93fd85b,,2017-08-17,2018-01-09,8.0,145.0,17.0,,1.0,,2.0,,,,20.0,,,,,
Shasta,10.0,,2017.0,45,,,,2018-01-09T11:56:00Z,,False,True,,,40.48972,-122.38618999999998,True,North Fire,,2017-07-15T18:10:00Z,,,,,2ec4e814-477b-47e7-a36b-4da26f94e277,,2017-07-15,2018-01-09,7.0,178.0,10.0,,,,,,,,,,,,,
Shasta,229651.0,,2018.0,45;53,5.0,48.0,11.0,2019-01-04T09:37:00Z,3.0,False,True,,0.0,40.65428,-122.62357,True,Carr Fire,456.0,2018-07-23T13:15:00Z,61.0,1614.0,,,240b1f55-0f4e-448d-a4ce-3ecfec7a6c9d,31.0,2018-07-23,2019-01-04,7.0,165.0,114825.5,,2.5,24.0,5.5,1.5,,0.0,228.0,30.5,807.0,,,15.5
Shasta,46150.0,,2018.0,45,,,,2019-01-04T09:21:00Z,,False,True,,,40.896,-122.219,True,Hirz Fire,,2018-08-09T01:55:00Z,,,,,cb647b06-1772-4d65-8087-0b841fcfb502,,2018-08-09,2019-01-04,8.0,148.0,46150.0,,,,,,,,,,,,,
Shasta,1900.0,,2018.0,45,,,,2019-01-04T09:21:00Z,,False,True,,,40.99344,-121.52225,True,Hat Fire,,2018-08-09T14:34:00Z,,,,,ce93c72c-eb9c-4176-a2b6-7750a4a6bb20,,2018-08-09,2019-01-04,8.0,148.0,1900.0,,,,,,,,,,,,,
Shasta,1678.0,,2018.0,45,,,,2019-01-04T10:01:00Z,,False,True,,1.0,40.50318,-122.42308,True,Creek Fire,,2018-06-24T12:29:00Z,,11.0,,,b900fe52-8900-4578-9745-58036920a1ab,,2018-06-24,2019-01-04,6.0,194.0,1678.0,,,,,,,1.0,,,11.0,,,
Shasta,76.0,,2018.0,45,,,,2019-01-04T08:58:00Z,,False,True,,,40.5939,-122.17173,True,Silver Fire,,2018-09-28T14:44:00Z,,1.0,,,b181e69a-5864-44c1-b5b4-f4c5832a4539,,2018-09-28,2019-01-04,9.0,98.0,76.0,,,,,,,,,,1.0,,,
Shasta,63.0,,2018.0,45,4.0,,7.0,2019-01-04T09:38:00Z,,False,True,,,40.741186,-122.649626,True,Highland Fire,98.0,2018-07-20T13:26:00Z,,,,,9626db35-9c2a-4431-8c91-00e0bba794fa,4.0,2018-07-20,2019-01-04,7.0,168.0,63.0,,4.0,,7.0,,,,98.0,,,,,4.0
Shasta,51.0,,2018.0,45,7.0,,24.0,2019-01-04T09:36:00Z,,False,True,,,40.824,-121.90215,True,Crestline Fire,192.0,2018-07-24T15:24:00Z,,,,,2fdf2c14-77b4-458c-96fc-bd883dec3ad3,6.0,2018-07-24,2019-01-04,7.0,164.0,51.0,,7.0,,24.0,,,,192.0,,,,,6.0
Shasta,600.0,,2019.0,45,8.0,,9.0,2019-08-26T17:00:00Z,,False,True,,3.0,40.715556,-122.241944,True,Mountain Fire,187.0,2019-08-22T11:02:09Z,7.0,14.0,,,1bf3e829-5fb3-43d2-9179-6c337709df19,,2019-08-22,2019-08-26,8.0,4.0,600.0,,8.0,,9.0,,,3.0,187.0,7.0,14.0,,,
Shasta,156.0,,2019.0,45,,,2.0,2019-08-17T18:43:00Z,,False,True,,,40.484329,-122.159393,True,Cottage Fire,8.0,2019-08-15T15:09:55Z,,,,,2443f637-15d7-4cf9-a405-133cf1748300,,2019-08-15,2019-08-17,8.0,2.0,156.0,,,,2.0,,,,8.0,,,,,
Colusa,28.0,,2013.0,49;48;17;6,,,,2013-06-14T15:45:00Z,,False,True,,,38.4229,-122.0437,True,Sonoma-Lake-Napa Unit Lightning Fires,,2013-06-10T00:46:00Z,,,,,5ce45b6c-81b5-422c-9078-8c68dd872c8a,,2013-06-10,2013-06-14,6.0,4.0,7.0,,,,,,,,,,,,,
Colusa,70.0,,2017.0,6,4.0,4.0,10.0,2018-01-09T11:58:00Z,,False,True,2.0,,39.01224000000001,-122.20127,True,Sand Fire,76.0,2017-07-17T13:17:00Z,,,,,0726d9f7-2baa-4652-b1d6-cbab45783f64,3.0,2017-07-17,2018-01-09,7.0,176.0,70.0,,4.0,4.0,10.0,,2.0,,76.0,,,,,3.0
Colusa,410203.0,,2018.0,6;11;17;23,,,,2019-01-04T09:33:00Z,1.0,False,True,,3.0,39.243283,-123.103367,True,Ranch Fire (Mendocino Complex),,2018-07-27T12:05:00Z,,246.0,,1050.0,90b0daf7-5d84-42d9-bb35-bb78d4faf950,,2018-07-27,2019-01-04,7.0,161.0,102550.75,,,,,0.25,,0.75,,,61.5,,262.5,
Colusa,48920.0,,2018.0,6;17;23,58.0,76.0,256.0,2019-01-04T09:18:00Z,,False,True,20.0,,39.04786,-123.11971,True,River Fire (Mendocino Complex),3100.0,2018-07-27T13:01:00Z,,35.0,,1025.0,af30fe23-6cfd-4fd6-b2d9-91648eeae814,79.0,2018-07-27,2019-01-04,7.0,161.0,16306.666666666664,,19.33333333333333,25.33333333333333,85.33333333333333,,6.666666666666668,,1033.3333333333333,,11.666666666666664,,341.6666666666667,26.33333333333333
Colusa,75.0,,2018.0,6,,,,2019-01-04T09:56:00Z,,False,True,,,39.2976,-122.512012,True,Stony Fire,,2018-07-04T13:14:00Z,,,,,b4377461-c17b-41b1-8dc2-9722f8ead519,,2018-07-04,2019-01-04,7.0,184.0,75.0,,,,,,,,,,,,,
Colusa,20.0,,2019.0,6,1.0,2.0,7.0,2019-08-14T18:51:00Z,,False,True,1.0,,39.088333,-122.309167,True,Spring Fire ,65.0,2019-08-14T12:52:00Z,,,,,f2a78d1c-66be-40f8-a2d8-5756eb265162,2.0,2019-08-14,2019-08-14,8.0,0.0,20.0,,1.0,2.0,7.0,,1.0,,65.0,,,,,2.0
Marin,152.0,,2018.0,21,,,,2019-01-04T09:05:00Z,,False,True,,,38.02447,-122.727,True,Irving Fire,,2018-09-10T19:00:00Z,,,,,65689d5f-910c-4e00-9bf3-e5626cd1361c,,2018-09-10,2019-01-04,9.0,116.0,152.0,,,,,,,,,,,,,
Kings,48889.0,,2017.0,16,,,,2018-01-09T11:51:00Z,,False,True,,,35.93273,-120.20014,True,Garza Fire,,2017-07-09T15:10:00Z,,1.0,,,6ee351a7-9382-48bc-a161-b417f7560ff9,,2017-07-09,2018-01-09,7.0,184.0,48889.0,,,,,,,,,,1.0,,,
Lassen,2575.0,,2016.0,18,3.0,2.0,2.0,2016-09-22T07:00:00Z,,False,True,,1.0,40.3915,-120.7845,True,Willard Fire,78.0,2016-09-11T11:33:00Z,,7.0,,,1243f711-c29f-4bc3-a7e7-c705a6fc40f2,2.0,2016-09-11,2016-09-22,9.0,11.0,2575.0,,3.0,2.0,2.0,,,1.0,78.0,,7.0,,,2.0
Lassen,42.0,,2016.0,18,,,,2016-08-01T19:40:00Z,,False,True,,,0.0,0.0,True,Dockery Fire,,2016-07-30T16:25:00Z,,,,,17a944b9-c8b8-4486-8d71-89d713bd538b,,2016-07-30,2016-08-01,7.0,2.0,42.0,,,,,,,,,,,,,
Lassen,167.0,,2018.0,18,,,,2019-01-04T09:35:00Z,,False,True,,1.0,40.34822,-120.82497,True,Roxie Fire (Formerly 1-1 Fire),,2018-07-24T16:02:00Z,,,,,a18ed51c-1083-4f48-ab1b-6ae0c5454073,,2018-07-24,2019-01-04,7.0,164.0,167.0,,,,,,,1.0,,,,,,
Glenn,217.0,,2013.0,11,11.0,5.0,6.0,2013-05-05T18:00:00Z,,False,True,5.0,,39.514139,-122.560862,True,306 Fire,221.0,2013-05-01T19:00:00Z,,,,,5649e78d-7c26-4698-89a0-b0fa9a35cf78,5.0,2013-05-01,2013-05-05,5.0,4.0,217.0,,11.0,5.0,6.0,,5.0,,221.0,,,,,5.0
Glenn,410203.0,,2018.0,6;11;17;23,,,,2019-01-04T09:33:00Z,1.0,False,True,,3.0,39.243283,-123.103367,True,Ranch Fire (Mendocino Complex),,2018-07-27T12:05:00Z,,246.0,,1050.0,90b0daf7-5d84-42d9-bb35-bb78d4faf950,,2018-07-27,2019-01-04,7.0,161.0,102550.75,,,,,0.25,,0.75,,,61.5,,262.5,
Glenn,2290.0,,2018.0,11,,,,2019-01-04T10:09:00Z,,False,True,,,39.64978,-122.58218,True,Chrome Fire,,2018-06-09T15:32:00Z,,1.0,,,1d926fc4-0f23-47dd-a750-5e7fac4ad416,,2018-06-09,2019-01-04,6.0,209.0,2290.0,,,,,,,,,,1.0,,,
Placer,459.0,,2014.0,31,,,,2014-10-15T07:50:00Z,,False,True,,2.0,0.0,0.0,True,Applegate Fire,,2014-10-08T13:33:00Z,,10.0,,,d71ab3e8-ead1-4d54-b489-2a2f23073d8b,,2014-10-08,2014-10-15,10.0,7.0,459.0,,,,,,,2.0,,,10.0,,,
Placer,110.0,,2015.0,31,,,,2015-06-08T11:45:00Z,,False,True,,,0.0,0.0,True,Riosa Fire,,2015-06-08T10:33:00Z,,,,,38fd77e5-9688-42b4-b092-f517e75ef7a8,,2015-06-08,2015-06-08,6.0,0.0,110.0,,,,,,,,,,,,,
Placer,5646.0,,2016.0,9;31,,,,2016-07-18T09:50:00Z,,False,True,,3.0,38.96741,-120.9375,True,Trailhead Fire,,2016-06-28T13:55:00Z,,,,2600.0,b604ffa7-8cee-4724-bb82-f1f4553a192f,,2016-06-28,2016-07-18,6.0,20.0,2823.0,,,,,,,1.5,,,,,1300.0,
Placer,1120.0,,2018.0,31,,,,2019-01-04T09:10:00Z,,False,True,,,39.268611,-120.658333,True,North Fire,,2018-09-03T16:38:00Z,,,,,d8235a76-7b43-4e23-8f60-dc308c250fab,,2018-09-03,2019-01-04,9.0,123.0,1120.0,,,,,,,,,,,,,
Tuolumne,204.0,,2015.0,55,5.0,1.0,9.0,2015-08-04T18:00:00Z,,False,True,,,37.823,-120.15644,True,Big Creek Fire,115.0,2015-07-29T16:30:00Z,,,,,55a1ec97-90fb-48df-8414-203b91adcd76,2.0,2015-07-29,2015-08-04,7.0,6.0,204.0,,5.0,1.0,9.0,,,,115.0,,,,,2.0
Tuolumne,108.0,,2015.0,55,3.0,,3.0,2015-09-15T19:15:00Z,,False,True,,1.0,38.04684,-120.30188,True,Oak Fire,59.0,2015-09-08T13:23:00Z,,3.0,,,40f44488-051f-4412-a577-c932f2ce751d,,2015-09-08,2015-09-15,9.0,7.0,108.0,,3.0,,3.0,,,1.0,59.0,,3.0,,,
Tuolumne,1080.0,,2016.0,55,2.0,,2.0,2016-10-04T22:00:00Z,,False,True,,,37.79635,-120.32484,True,Marshes Fire,92.0,2016-09-26T12:20:00Z,,,,,3a4871dc-2299-4934-8a31-b92780fe31a3,,2016-09-26,2016-10-04,9.0,8.0,1080.0,,2.0,,2.0,,,,92.0,,,,,
Tuolumne,85.0,,2016.0,55,3.0,,6.0,2016-06-01T19:45:00Z,,False,True,,,37.927613,-120.528836,True,Tulloch Fire,,2016-05-30T15:10:00Z,,,,,ffec404e-dea9-4175-8c50-8f2b0ca3efdd,,2016-05-30,2016-06-01,5.0,2.0,85.0,,3.0,,6.0,,,,,,,,,
Tuolumne,690.0,,2017.0,55,,,,2018-01-09T12:09:00Z,,False,True,,,37.905545,-120.40813500000002,True,Jacksonville Fire,,2017-07-29T13:50:00Z,,,,,51e42770-97b4-4204-af57-8ab56992eb71,,2017-07-29,2018-01-09,7.0,164.0,690.0,,,,,,,,,,,,,
Tuolumne,163.0,,2018.0,55,,,,2019-01-04T10:01:00Z,,False,True,,,37.80785,-120.30187,True,Flat Fire,,2018-06-24T13:54:00Z,,,,,28d55249-7c63-4213-a7b4-c0796dbb18ca,,2018-06-24,2019-01-04,6.0,194.0,163.0,,,,,,,,,,,,,
Ventura,24251.0,,2013.0,56,47.0,8.0,117.0,2013-05-11T06:30:00Z,,False,True,11.0,10.0,0.0,0.0,True,Springs Fire,2167.0,2013-05-02T07:01:00Z,6.0,10.0,,,46731fb8-3350-4920-bdf7-910ac0eb715c,11.0,2013-05-02,2013-05-11,5.0,9.0,24251.0,,47.0,8.0,117.0,,11.0,10.0,2167.0,6.0,10.0,,,11.0
Ventura,4346.0,,2013.0,15;56,29.0,1.0,34.0,2013-05-21T19:45:00Z,,False,True,1.0,4.0,34.7861,-118.9411,True,Grand Fire,847.0,2013-05-15T12:50:00Z,,,,,e0d038e9-0926-4c05-8317-ec7075a04b12,12.0,2013-05-15,2013-05-21,5.0,6.0,2173.0,,14.5,0.5,17.0,,0.5,2.0,423.5,,,,,6.0
Ventura,281893.0,,2017.0,42;56,,,,2019-03-14T11:24:00Z,,False,True,,,34.415209999999995,-119.09123999999998,True,Thomas Fire,,2017-12-04T18:28:00Z,280.0,1063.0,,,d28bc34e-73a8-454d-9e55-dea7bdd40bee,,2017-12-04,2019-03-14,12.0,465.0,140946.5,,,,,,,,,140.0,531.5,,,
Ventura,96949.0,,2018.0,19;56,,,,2019-01-04T08:42:00Z,3.0,False,True,,0.0,34.235,-118.70128,True,Woolsey Fire,,2018-11-08T14:24:00Z,341.0,1643.0,,,92d7aeea-7abf-47a4-bf76-a4fe0fac65c6,,2018-11-08,2019-01-04,11.0,57.0,48474.5,,,,,1.5,,0.0,,170.5,821.5,,,
Ventura,4531.0,,2018.0,56,,,,2019-01-04T08:43:00Z,,False,True,,,34.22685,-118.93444,True,Hill Fire,,2018-11-08T14:03:00Z,4.0,4.0,,,bc95da49-28a0-4e56-88d9-72e7455063c0,,2018-11-08,2019-01-04,11.0,57.0,4531.0,,,,,,,,,4.0,4.0,,,
Ventura,0.0,,2018.0,42;56,,,,2019-01-03T09:43:00Z,,False,True,,,0.0,0.0,True,Montecito Flooding / Mudflows,,2018-01-09T04:00:00Z,,,,,23cbd274-ded3-43ea-9174-b5615eac3244,,2018-01-09,2019-01-03,1.0,359.0,0.0,,,,,,,,,,,,,
Ventura,9999.0,,2019.0,56,17.0,,45.0,2019-11-06T18:00:00Z,,False,True,,,34.302212,-118.997115,True,Maria Fire ,626.0,2019-10-31T20:58:28Z,,4.0,,,31852a71-e639-496f-9e7d-0968d1c218b3,3.0,2019-10-31,2019-11-06,10.0,6.0,9999.0,,17.0,,45.0,,,,626.0,,4.0,,,3.0
Tehama,11429.0,,2013.0,52,30.0,3.0,36.0,2013-08-29T16:45:00Z,,False,True,5.0,5.0,40.04263,-121.85397,True,Deer Fire,898.0,2013-08-23T14:15:00Z,,,,,956dbcf6-db40-4b61-b235-4ede14738f1e,8.0,2013-08-23,2013-08-29,8.0,6.0,11429.0,,30.0,3.0,36.0,,5.0,5.0,898.0,,,,,8.0
Tehama,6965.0,,2013.0,52,53.0,22.0,131.0,2013-05-09T09:00:00Z,,False,True,6.0,6.0,40.190062,-121.595555,True,Panther Fire,1811.0,2013-05-01T09:12:00Z,,,,,53122f0f-fefc-4dbf-b2d8-566b42ced66d,40.0,2013-05-01,2013-05-09,5.0,8.0,6965.0,,53.0,22.0,131.0,,6.0,6.0,1811.0,,,,,40.0
Tehama,110.0,,2015.0,52,,,,2015-08-09T20:30:00Z,,False,True,,,40.3506868,-121.7786799,True,36 Fire,,2015-08-08T14:55:00Z,,1.0,,,ffbc1cb8-be33-4483-8442-85ab2587dce4,,2015-08-08,2015-08-09,8.0,1.0,110.0,,,,,,,,,,1.0,,,
Tehama,464.0,,2016.0,52,,,,2016-07-04T07:45:00Z,,False,True,,,40.0353,-122.56938999999998,True,Colyear Fire,,2016-06-30T13:32:00Z,,,,,69eaa890-889e-4be9-810d-3dcee8d55981,,2016-06-30,2016-07-04,6.0,4.0,464.0,,,,,,,,,,,,,
Tehama,360.0,5.0,2016.0,52,6.0,2.0,12.0,2016-09-13T14:30:00Z,,False,True,2.0,,40.30594,-122.1295,True,Hog Fire,168.0,2016-09-13T23:10:00Z,,,,,060ef833-2d3f-47d4-a1d4-146d1b9a5928,5.0,2016-09-13,2016-09-13,9.0,0.0,360.0,5.0,6.0,2.0,12.0,,2.0,,168.0,,,,,5.0
Tehama,3889.0,,2018.0,52,,,,2019-01-04T08:57:00Z,,False,True,,,40.22027778,-122.18,True,Sun Fire,196.0,2018-10-07T12:51:00Z,,,,,8f633ae7-b5f0-455f-a60e-13d9566e5844,,2018-10-07,2019-01-04,10.0,89.0,3889.0,,,,,,,,196.0,,,,,
Tehama,3716.0,,2018.0,52,,,,2019-01-04T10:02:00Z,,False,True,,1.0,40.35068,-121.77867,True,Lane Fire,,2018-06-23T11:38:00Z,,,,,299d84d9-ff65-4669-bcd7-cb5abb191c75,,2018-06-23,2019-01-04,6.0,195.0,3716.0,,,,,,,1.0,,,,,,
Tehama,2956.0,,2018.0,52,,,,2019-01-04T10:10:00Z,,False,True,,,39.94355,-122.3571,True,Apple Fire,,2018-06-09T14:10:00Z,,5.0,,,22fc8e84-ae8e-4a10-a9f3-828464616253,,2018-06-09,2019-01-04,6.0,209.0,2956.0,,,,,,,,,,5.0,,,
Tehama,268.0,,2018.0,52,,,,2019-01-04T10:02:00Z,,False,True,,,40.18395,-122.27573999999998,True,Stoll Fire,,2018-06-23T12:52:00Z,,24.0,,,72999057-198b-4cd2-a316-2e854ef9a7f8,,2018-06-23,2019-01-04,6.0,195.0,268.0,,,,,,,,,,24.0,,,
Tehama,8838.0,3.0,2019.0,52,53.0,27.0,98.0,2019-09-13T19:00:00Z,,False,True,20.0,,40.12,-122.64,True,Red Bank Fire,1936.0,2019-09-05T13:19:56Z,,2.0,,,14ad161c-bfc6-41ae-af84-a464084a4142,23.0,2019-09-05,2019-09-13,9.0,8.0,8838.0,3.0,53.0,27.0,98.0,,20.0,,1936.0,,2.0,,,23.0
Tehama,2534.0,,2019.0,52,2.0,,2.0,2019-11-14T18:02:00Z,,False,True,,4.0,40.036379,-122.637837,True,Ranch Fire,69.0,2019-11-03T14:16:17Z,,,,,69d98a94-4980-4dc0-b388-61c37c635f32,,2019-11-03,2019-11-14,11.0,11.0,2534.0,,2.0,,2.0,,,4.0,69.0,,,,,
Modoc,13153.0,,2014.0,25,7.0,2.0,20.0,2014-08-13T07:00:00Z,,False,True,2.0,7.0,41.1336,-121.2144,True,Day Fire,297.0,2014-07-30T19:01:00Z,,6.0,,,e3b7143d-6faa-4962-9fe5-c2d1559c5d20,4.0,2014-07-30,2014-08-13,7.0,14.0,13153.0,,7.0,2.0,20.0,,2.0,7.0,297.0,,6.0,,,4.0
Modoc,1469.0,,2014.0,25,8.0,,17.0,2014-07-07T07:00:00Z,,False,True,2.0,,41.489,-120.904,True,Gulch Fire,427.0,2014-07-03T15:46:00Z,,,,,00089805-cdee-4607-8b67-1653bee463bc,4.0,2014-07-03,2014-07-07,7.0,4.0,1469.0,,8.0,,17.0,,2.0,,427.0,,,,,4.0
Modoc,27.0,,2017.0,25,,,,2018-01-09T12:48:00Z,,False,True,,,41.64469,-120.31814,True,4-10 Fire,,2017-08-30T14:50:00Z,,,,,182f71e9-0f85-4cb0-8711-ee14c0b6b8f8,,2017-08-30,2018-01-09,8.0,132.0,27.0,,,,,,,,,,,,,
Santa Cruz,391.0,,2017.0,44,,,,2018-01-09T13:41:00Z,,False,True,,1.0,37.18356,-122.07012,True,Bear Fire,10.0,2017-10-16T22:30:00Z,,6.0,,,b3627eac-9f2f-482a-81a6-681e60b5b24a,,2017-10-16,2018-01-09,10.0,85.0,391.0,,,,,,,1.0,10.0,,6.0,,,
Santa Cruz,17.0,,2018.0,44,,,,2019-01-04T08:50:00Z,,False,True,,,37.0125,-122.046,True,Rincon Fire,,2018-11-03T21:28:00Z,,,,,7d1f523d-6940-4b64-bc5a-7ecb5a63538a,,2018-11-03,2019-01-04,11.0,62.0,17.0,,,,,,,,,,,,,
Trinity,580.0,,2014.0,53,82.0,,3.0,2014-08-28T19:00:00Z,,False,True,,2.0,40.7412,-122.946,True,Oregon Fire,46.0,2014-08-24T16:36:00Z,,1.0,,,3b954901-aa80-4894-b330-c287d47b68be,,2014-08-24,2014-08-28,8.0,4.0,580.0,,82.0,,3.0,,,2.0,46.0,,1.0,,,
Trinity,128.0,,2015.0,53,,,,2015-08-29T18:45:00Z,,False,True,,,40.724898,-122.96174,True,Democrat Fire,,2015-08-25T14:08:00Z,,,,,da522578-443a-4c52-a9bb-d72bbb84dcdb,,2015-08-25,2015-08-29,8.0,4.0,128.0,,,,,,,,,,,,,
Trinity,229651.0,,2018.0,45;53,5.0,48.0,11.0,2019-01-04T09:37:00Z,3.0,False,True,,0.0,40.65428,-122.62357,True,Carr Fire,456.0,2018-07-23T13:15:00Z,61.0,1614.0,,,240b1f55-0f4e-448d-a4ce-3ecfec7a6c9d,31.0,2018-07-23,2019-01-04,7.0,165.0,114825.5,,2.5,24.0,5.5,1.5,,0.0,228.0,30.5,807.0,,,15.5
Trinity,300.0,,2018.0,53,,,,2019-01-04T09:59:00Z,,False,True,,,40.60402,-122.9144,True,Flat Fire,,2018-06-28T18:01:00Z,,,,,70ff3ebc-0d1f-43eb-ab56-1ff13fe9c9e3,,2018-06-28,2019-01-04,6.0,190.0,300.0,,,,,,,,,,,,,
Kern,4346.0,,2013.0,15;56,29.0,1.0,34.0,2013-05-21T19:45:00Z,,False,True,1.0,4.0,34.7861,-118.9411,True,Grand Fire,847.0,2013-05-15T12:50:00Z,,,,,e0d038e9-0926-4c05-8317-ec7075a04b12,12.0,2013-05-15,2013-05-21,5.0,6.0,2173.0,,14.5,0.5,17.0,,0.5,2.0,423.5,,,,,6.0
Kern,712.0,,2013.0,15,20.0,20.0,37.0,2013-07-22T18:45:00Z,,False,True,20.0,5.0,34.882,-118.9194,True,Rancho Fire,502.0,2013-07-19T12:00:00Z,,,,,591a56a5-e9c0-45a0-96bd-34098588c39b,20.0,2013-07-19,2013-07-22,7.0,3.0,712.0,,20.0,20.0,37.0,,20.0,5.0,502.0,,,,,20.0
Kern,1785.0,,2016.0,15,,,,2016-07-08T19:00:00Z,,False,True,,3.0,35.20993,-118.72272,True,Deer Fire,,2016-07-01T14:05:00Z,,,,,140def53-175c-4f5d-b8e3-de0643781ff7,,2016-07-01,2016-07-08,7.0,7.0,1785.0,,,,,,,3.0,,,,,,
Kern,338.0,,2017.0,15,,,,2018-01-09T12:31:00Z,,False,True,,,34.92907,-118.9267,True,Rose Fire,,2017-08-10T14:32:00Z,,,,,09e74687-85e7-488f-a5c8-8a11f75ab7d8,,2017-08-10,2018-01-09,8.0,152.0,338.0,,,,,,,,,,,,,
San Bernardino,534.0,,2013.0,36,29.0,29.0,29.0,2013-07-01T06:00:00Z,,False,True,29.0,,34.071556,-117.048397,True,Mills Fire,282.0,2013-06-28T14:30:00Z,1.0,0.0,,,6011819c-19ac-46c2-aa48-0ee8be0e48c0,29.0,2013-06-28,2013-07-01,6.0,3.0,534.0,,29.0,29.0,29.0,,29.0,,282.0,1.0,0.0,,,29.0
San Bernardino,75.0,,2013.0,36,13.0,,21.0,2013-05-15T08:15:00Z,,False,True,,1.0,34.1834,-117.4408,True,Lytle Fire,292.0,2013-05-13T13:30:00Z,,1.0,,,e2c4b308-9a2d-483b-8434-999bef9adc7c,13.0,2013-05-13,2013-05-15,5.0,2.0,75.0,,13.0,,21.0,,,1.0,292.0,,1.0,,,13.0
San Bernardino,2143.0,,2014.0,36,22.0,,25.0,2014-05-05T17:30:00Z,,False,True,,3.0,34.169346000000004,-117.547374,True,Etiwanda Fire,583.0,2014-04-30T08:00:00Z,1.0,0.0,,,13bfff2c-cb2f-4ed9-a7f8-6985646a2d5d,8.0,2014-04-30,2014-05-05,4.0,5.0,2143.0,,22.0,,25.0,,,3.0,583.0,1.0,0.0,,,8.0
San Bernardino,4250.0,,2015.0,36,4.0,1.0,,2015-07-21T07:00:00Z,,False,True,,,34.339,-117.478,True,North Fire,215.0,2015-07-17T14:33:00Z,4.0,68.0,,,3d81d2e5-d6e5-4368-864b-a9e29e7e5022,,2015-07-17,2015-07-21,7.0,4.0,4250.0,,4.0,1.0,,,,,215.0,4.0,68.0,,,
San Bernardino,54.0,,2015.0,36,,,,2015-07-21T07:20:00Z,,False,True,,,34.0783472,-117.0487863,True,Mill 2 Fire,,2015-07-12T14:46:00Z,,,,,c8fb2c4c-2275-4ad1-aef3-859e332a1a47,,2015-07-12,2015-07-21,7.0,9.0,54.0,,,,,,,,,,,,,
San Bernardino,36274.0,,2016.0,36,21.0,6.0,47.0,2016-08-23T07:45:00Z,,False,True,5.0,,34.30372,-117.49342,True,Blue Cut Fire,914.0,2016-08-16T10:44:00Z,3.0,321.0,,,ea5193a1-69bc-4684-bfcd-235c17d36756,9.0,2016-08-16,2016-08-23,8.0,7.0,36274.0,,21.0,6.0,47.0,,5.0,,914.0,3.0,321.0,,,9.0
San Bernardino,8110.0,0.0,2016.0,36,30.0,3.0,37.0,2016-08-16T08:00:00Z,,False,True,10.0,1.0,34.28771,-117.27338,True,Pilot Fire,960.0,2016-08-07T12:18:00Z,,,,,69c7b8cc-061e-4ca6-b5e8-83c6ae9d8a25,7.0,2016-08-07,2016-08-16,8.0,9.0,8110.0,0.0,30.0,3.0,37.0,,10.0,1.0,960.0,,,,,7.0
San Bernardino,325.0,,2017.0,36,,,,2018-01-09T12:18:00Z,,False,True,,,34.084920000000004,-117.03826,True,Bryant Fire,,2017-08-03T15:35:00Z,,,,,093bdb67-4c14-402d-a034-3714b7125c49,,2017-08-03,2018-01-09,8.0,159.0,325.0,,,,,,,,,,,,,
San Bernardino,170.0,,2017.0,36,,,,2018-01-09T12:04:00Z,,False,True,,,34.412040000000005,-117.03031,True,High Fire,,2017-07-23T15:53:00Z,,,,,1d8a8aaf-f294-46e1-8224-6ea3e8c39634,,2017-07-23,2018-01-09,7.0,170.0,170.0,,,,,,,,,,,,,
San Bernardino,1350.0,,2018.0,36,,,,2019-01-04T09:55:00Z,,False,True,,,34.095568,-116.958806,True,Valley Fire,,2018-07-06T13:29:00Z,,,,,b90be7b6-e9ec-4a18-a910-957f700c6ed6,,2018-07-06,2019-01-04,7.0,182.0,1350.0,,,,,,,,,,,,,
San Bernardino,53.0,,2018.0,36,,,,2019-01-04T09:00:00Z,,False,True,,,34.24138,-117.42431,True,Keenbrook Fire,,2018-09-26T10:56:00Z,,,,,2c41731e-1e13-494c-b7f7-928b89bb7d32,,2018-09-26,2019-01-04,9.0,100.0,53.0,,,,,,,,,,,,,
El Dorado,116.0,,2013.0,9,,,,2013-08-16T17:55:00Z,,False,True,,,38.682378,-120.839075,True,Union Fire,,2013-08-16T13:55:00Z,,1.0,,,db009f8f-8b9d-44bb-a3f6-83f319c84d72,,2013-08-16,2013-08-16,8.0,0.0,116.0,,,,,,,,,,1.0,,,
El Dorado,97717.0,,2014.0,9,,,,2014-10-09T17:20:00Z,,False,True,,12.0,38.805437,-120.629714,True,King Fire,,2014-09-13T16:32:00Z,,80.0,,,3df6ecf7-f095-483d-b1c4-2dc969d61261,,2014-09-13,2014-10-09,9.0,26.0,97717.0,,,,,,,12.0,,,80.0,,,
El Dorado,4240.0,,2014.0,3;9,1.0,,3.0,2014-08-02T19:15:00Z,,False,True,,2.0,38.5691,-120.7819,True,Sand Fire,40.0,2014-07-25T16:34:00Z,,67.0,,,4d07ccc3-32be-4a1d-acac-18333884c97d,1.0,2014-07-25,2014-08-02,7.0,8.0,2120.0,,0.5,,1.5,,,1.0,20.0,,33.5,,,0.5
El Dorado,5646.0,,2016.0,9;31,,,,2016-07-18T09:50:00Z,,False,True,,3.0,38.96741,-120.9375,True,Trailhead Fire,,2016-06-28T13:55:00Z,,,,2600.0,b604ffa7-8cee-4724-bb82-f1f4553a192f,,2016-06-28,2016-07-18,6.0,20.0,2823.0,,,,,,,1.5,,,,,1300.0,
El Dorado,176.0,,2016.0,9,,,,2016-10-17T11:45:00Z,,False,True,,,38.93449,-120.10744,True,Emerald Fire,,2016-10-14T01:28:00Z,,,,,81ef7517-ab3c-4d1a-8ddd-b5d69404676f,,2016-10-14,2016-10-17,10.0,3.0,176.0,,,,,,,,,,,,,
El Dorado,50.0,,2016.0,9,,,,2016-07-23T18:00:00Z,,False,True,,,38.79549,-121.00299,True,Storksbill Fire,,2016-07-22T13:15:00Z,,,,,f273dffb-e1eb-48dc-b0f9-908857e78095,,2016-07-22,2016-07-23,7.0,1.0,50.0,,,,,,,,,,,,,
El Dorado,25.0,,2016.0,9,,,,2016-06-04T15:30:00Z,,False,True,,,38.64107,-120.6955,True,Aukum Fire,,2016-06-03T12:41:00Z,,,,,f2b5faf1-9ff0-48b7-8151-25880262bec1,,2016-06-03,2016-06-04,6.0,1.0,25.0,,,,,,,,,,,,,
El Dorado,140.0,,2017.0,9,,,,2018-01-09T12:06:00Z,,False,True,,,38.559707,-120.70013,True,Ranch Fire,,2017-07-26T13:58:00Z,,,,,2fd950a8-fadb-467c-ab59-88e7ea007738,,2017-07-26,2018-01-09,7.0,167.0,140.0,,,,,,,,,,,,,
El Dorado,136.0,,2017.0,9,,,,2018-01-09T13:21:00Z,,False,True,,,38.5758,-120.915,True,French Fire,,2017-09-17T15:18:00Z,,,,,f7a51800-b219-428c-aef0-ee5fa5de4d64,,2017-09-17,2018-01-09,9.0,114.0,136.0,,,,,,,,,,,,,
El Dorado,74.0,,2017.0,9,2.0,,5.0,2018-01-09T11:50:00Z,,False,True,,,38.7803,-120.97111,True,Axel Fire,,2017-07-08T16:38:00Z,,,,,f75027cb-2526-4524-989f-71d0d56353ec,1.0,2017-07-08,2018-01-09,7.0,185.0,74.0,,2.0,,5.0,,,,,,,,,1.0
El Dorado,150.0,,2018.0,9,12.0,1.0,30.0,2019-01-04T09:09:00Z,,False,True,2.0,,38.94388,-120.92611,True,Sliger Fire,,2018-09-04T15:03:00Z,,,,,94e0a869-04f6-4265-9c1f-c53fbdde98ad,5.0,2018-09-04,2019-01-04,9.0,122.0,150.0,,12.0,1.0,30.0,,2.0,,,,,,,5.0
El Dorado,67.0,,2018.0,9,,,1.0,2019-01-04T09:28:00Z,,False,True,,,38.645,-120.874167,True,Bumper Fire,,2018-08-01T13:57:00Z,,,,,d8de1c4a-9b2c-46ad-aab4-3b2012571e4a,,2018-08-01,2019-01-04,8.0,156.0,67.0,,,,1.0,,,,,,,,,
El Dorado,66.0,,2018.0,9,,,1.0,2019-01-04T09:27:00Z,,False,True,,,38.82128,-121.03918,True,Omega Fire,,2018-08-01T14:40:00Z,3.0,1.0,,,6e4ecf7a-2864-4fc6-85cb-9b2a0ac324df,,2018-08-01,2019-01-04,8.0,156.0,66.0,,,,1.0,,,,,3.0,1.0,,,
El Dorado,12.0,,2018.0,9,,,,2019-01-04T09:03:00Z,,False,True,,,38.7448,-120.65672,True,Meyers Fire,,2018-09-20T12:39:00Z,,4.0,,,9ea41d38-ee7c-4394-9ea8-cbf33e788f13,,2018-09-20,2019-01-04,9.0,106.0,12.0,,,,,,,,,,4.0,,,
El Dorado,85.0,,2019.0,9,,,,2019-09-06T07:24:00Z,,False,True,,2.0,38.898915,-120.946657,True,Country Fire,,2019-09-03T14:57:31Z,,4.0,,,89008310-149d-480f-946f-4ce5a2a71c3f,,2019-09-03,2019-09-06,9.0,3.0,85.0,,,,,,,2.0,,,4.0,,,
Sacramento,110.0,2.0,2015.0,34,1.0,2.0,11.0,2015-09-03T14:30:00Z,,False,True,2.0,,0.0,0.0,True,Apple Fire,,2015-09-03T12:12:00Z,,,,,20348e67-4eac-42ae-ad4e-57ca0add2914,4.0,2015-09-03,2015-09-03,9.0,0.0,110.0,2.0,1.0,2.0,11.0,,2.0,,,,,,,4.0
Butte,2462.0,,2013.0,4,33.0,28.0,95.0,2013-08-22T18:00:00Z,,False,True,20.0,5.0,39.446268,-121.38236,True,Swedes Fire,1484.0,2013-08-16T16:37:00Z,,7.0,,,0758e1c0-95ea-47e7-b5c1-5f3ea96bc664,25.0,2013-08-16,2013-08-22,8.0,6.0,2462.0,,33.0,28.0,95.0,,20.0,5.0,1484.0,,7.0,,,25.0
Butte,305.0,,2013.0,4,4.0,1.0,15.0,2013-10-05T22:00:00Z,,False,True,1.0,,39.439,-121.497,True,Summit Fire,259.0,2013-10-04T17:37:00Z,,4.0,,,d922e7c8-814a-412b-a40b-53072d0983ea,3.0,2013-10-04,2013-10-05,10.0,1.0,305.0,,4.0,1.0,15.0,,1.0,,259.0,,4.0,,,3.0
Butte,298.0,4.0,2013.0,4,3.0,3.0,26.0,2013-06-03T20:00:00Z,,False,True,2.0,,39.434183,-121.576804,True,Lone Fire,,2013-06-03T13:49:00Z,,9.0,,,1a5192f1-bc99-4130-8683-381e0534b76a,4.0,2013-06-03,2013-06-03,6.0,0.0,298.0,4.0,3.0,3.0,26.0,,2.0,,,,9.0,,,4.0
Butte,150.0,,2013.0,4,,2.0,17.0,2013-05-22T09:30:00Z,,False,True,,,0.0,0.0,True,Neal Fire,60.0,2013-05-22T00:56:00Z,,,,,28ffc826-6789-429c-9801-f3a02dbb320a,4.0,2013-05-22,2013-05-22,5.0,0.0,150.0,,,2.0,17.0,,,,60.0,,,,,4.0
Butte,92.0,,2013.0,4,4.0,,4.0,2013-08-04T14:45:00Z,,False,True,,2.0,39.6612,-121.50354,True,Branch Fire,80.0,2013-08-01T16:01:00Z,,,,,0b51d3d5-bb3a-426d-9c12-c1878a01d7cf,3.0,2013-08-01,2013-08-04,8.0,3.0,92.0,,4.0,,4.0,,,2.0,80.0,,,,,3.0
Butte,80.0,,2013.0,4,2.0,,10.0,2013-09-01T18:00:00Z,,False,True,,1.0,39.731878,-121.71393799999998,True,Centerville Fire,35.0,2013-08-31T17:23:00Z,,,,,dd374f36-e7cb-4a48-91ee-e8be101e0f88,,2013-08-31,2013-09-01,8.0,1.0,80.0,,2.0,,10.0,,,1.0,35.0,,,,,
Butte,72.0,,2013.0,4,,2.0,3.0,2013-05-04T19:00:00Z,,False,True,,,0.0,0.0,True,Cedar Fire,44.0,2013-05-01T04:16:00Z,,,,,c6228c11-4388-4b33-aa18-3593c90f72ad,,2013-05-01,2013-05-04,5.0,3.0,72.0,,,2.0,3.0,,,,44.0,,,,,
Butte,389.0,4.0,2014.0,4,29.0,5.0,46.0,2014-08-01T17:30:00Z,,False,True,1.0,4.0,0.0,0.0,True,Web Fire,835.0,2014-07-28T13:11:00Z,,,,,69b38608-fab1-4df5-b9e9-0fd28bc505ba,13.0,2014-07-28,2014-08-01,7.0,4.0,389.0,4.0,29.0,5.0,46.0,,1.0,4.0,835.0,,,,,13.0
Butte,1042.0,,2015.0,4,20.0,12.0,35.0,2015-09-17T19:30:00Z,,False,True,2.0,1.0,39.5218,-121.3363,True,Lumpkin Fire,613.0,2015-09-11T14:15:00Z,,,,,f7067bff-efb4-4ca6-a627-6145836857ec,6.0,2015-09-11,2015-09-17,9.0,6.0,1042.0,,20.0,12.0,35.0,,2.0,1.0,613.0,,,,,6.0
Butte,860.0,,2015.0,4,2.0,3.0,18.0,2015-10-04T18:40:00Z,,False,True,,,0.0,0.0,True,Meridian Fire,102.0,2015-10-03T21:15:00Z,,,,,88e1ae5b-593f-4d0d-958d-bd56a877a535,2.0,2015-10-03,2015-10-04,10.0,1.0,860.0,,2.0,3.0,18.0,,,,102.0,,,,,2.0
Butte,400.0,,2015.0,4,,,,2015-08-03T17:00:00Z,,False,True,,,39.43963,-121.38794,True,Swedes Fire,8.0,2015-07-29T11:25:00Z,,16.0,,,7428460d-f47d-45c0-8a86-3fb653829860,,2015-07-29,2015-08-03,7.0,5.0,400.0,,,,,,,,8.0,,16.0,,,
Butte,72.0,4.0,2015.0,4,5.0,3.0,14.0,2015-09-03T19:35:00Z,,False,True,3.0,,26.42,-121.0,True,Olive Fire,190.0,2015-09-02T13:18:00Z,,1.0,,,3435fd06-f77e-42c3-8fa5-261cf0cb828c,5.0,2015-09-02,2015-09-03,9.0,1.0,72.0,4.0,5.0,3.0,14.0,,3.0,,190.0,,1.0,,,5.0
Butte,850.0,,2016.0,4,4.0,2.0,3.0,2016-09-12T14:51:00Z,,False,True,,3.0,39.6871,-121.571,True,Saddle Fire,133.0,2016-09-05T16:28:00Z,,3.0,,,c94fda40-ab7a-42d1-bfc9-ca5f39fb6e7d,2.0,2016-09-05,2016-09-12,9.0,7.0,850.0,,4.0,2.0,3.0,,,3.0,133.0,,3.0,,,2.0
Butte,88.0,,2016.0,4,,,,2016-08-30T18:40:00Z,,False,True,,,39.79547,-121.71662,True,Santos Fire,,2016-08-26T15:30:00Z,,,,,c55cc099-43f6-4a55-81b4-59ee03618511,,2016-08-26,2016-08-30,8.0,4.0,88.0,,,,,,,,,,,,,
Butte,30.0,2.0,2016.0,4,1.0,1.0,9.0,2016-05-29T19:53:00Z,,False,True,1.0,,39.624017,-121.595093,True,70 Fire,42.0,2016-05-29T16:51:00Z,,,,,6227f4ad-3e40-4f3b-b210-3e55483e1e84,2.0,2016-05-29,2016-05-29,5.0,0.0,30.0,2.0,1.0,1.0,9.0,,1.0,,42.0,,,,,2.0
Butte,8417.0,,2017.0,4,,,,2018-02-09T09:48:00Z,,False,True,,,39.62496,-121.52966,True,Cherokee Fire,97.0,2017-10-08T21:45:00Z,1.0,6.0,,,adf929a5-d508-4f69-8845-8fa1df8d4f95,,2017-10-08,2018-02-09,10.0,124.0,8417.0,,,,,,,,97.0,1.0,6.0,,,
Butte,6151.0,,2017.0,4,,,,2018-02-09T09:50:00Z,,False,True,,,39.39455,-121.40613,True,LaPorte Fire (Wind Complex),,2017-10-09T00:57:00Z,2.0,74.0,,,4ca0e06c-4e6e-4e00-a4a4-6813e3200bd5,,2017-10-09,2018-02-09,10.0,123.0,6151.0,,,,,,,,,2.0,74.0,,,
Butte,6033.0,,2017.0,4,4.0,4.0,10.0,2018-01-09T11:47:00Z,,False,True,,0.0,39.45352000000001,-121.41222,True,Wall Fire,148.0,2017-07-07T14:52:00Z,60.0,41.0,,0.0,8816f0da-0818-499a-9ff6-ba4fd56ca7c8,2.0,2017-07-07,2018-01-09,7.0,186.0,6033.0,,4.0,4.0,10.0,,,0.0,148.0,60.0,41.0,,0.0,2.0
Butte,150.0,,2017.0,4,,,,2018-01-09T13:34:00Z,,False,True,,,39.74679,-121.67261,True,Honey Fire,13.0,2017-10-09T15:05:00Z,,,,,579d5d2a-0e51-4058-92c7-37abd7fe4aad,,2017-10-09,2018-01-09,10.0,92.0,150.0,,,,,,,,13.0,,,,,
Butte,10.0,,2017.0,4,,,,2018-01-09T11:53:00Z,,False,True,,,39.50475,-121.33785,True,Rebie Fire,,2017-07-12T13:55:00Z,,,,,1be14ce2-5e9c-4cc2-89bf-f36cb1d1ccbd,,2017-07-12,2018-01-09,7.0,181.0,10.0,,,,,,,,,,,,,
Butte,0.0,,2017.0,4,,,,2018-01-09T09:24:00Z,,False,True,,,39.51158,-121.55633,True,Oroville Spillway ,596.0,2017-02-07T14:00:00Z,,,,,afb8c00c-ef91-4544-90ce-54722be124af,,2017-02-07,2018-01-09,2.0,336.0,0.0,,,,,,,,596.0,,,,,
Butte,153336.0,,2018.0,4,11.0,3.0,73.0,2018-11-25T08:00:00Z,85.0,False,True,2.0,3.0,39.8134,-121.4347,True,Camp Fire,1065.0,2018-11-08T06:33:00Z,,18804.0,,,75dafe80-f18a-4a4a-9a37-4b564c5f6014,3.0,2018-11-08,2018-11-25,11.0,17.0,153336.0,,11.0,3.0,73.0,85.0,2.0,3.0,1065.0,,18804.0,,,3.0
Butte,962.0,,2018.0,4,,,,2019-01-04T09:48:00Z,,False,True,,,39.77124,-121.76859,True,Stoney Fire,,2018-07-12T22:45:00Z,,,,,3c17be70-66f8-4df2-97be-873fe924d99c,,2018-07-12,2019-01-04,7.0,176.0,962.0,,,,,,,,,,,,,
Butte,43.0,,2018.0,4,9.0,2.0,12.0,2019-01-04T09:40:00Z,,False,True,,2.0,39.57202,-121.43131,True,Simmons Fire,168.0,2018-07-19T12:00:00Z,,,,,d56aeb11-09a3-4854-b422-9a1e41f18a51,4.0,2018-07-19,2019-01-04,7.0,169.0,43.0,,9.0,2.0,12.0,,,2.0,168.0,,,,,4.0
Butte,33.0,,2018.0,4,4.0,2.0,5.0,2019-01-04T09:01:00Z,,False,True,,,39.84151,-121.62168,True,Nimshew Fire,83.0,2018-09-24T00:41:00Z,,,,,9856efb8-4d41-4276-9d4e-a5b29d912996,4.0,2018-09-24,2019-01-04,9.0,102.0,33.0,,4.0,2.0,5.0,,,,83.0,,,,,4.0
Butte,0.0,,2018.0,4,,,,2019-01-04T08:42:00Z,,False,True,,,39.71217,-121.77385,True,Honey Flooding,,2018-11-29T23:30:00Z,,,,,e6b8af54-15fb-42bb-8be9-f323c9d5cc78,,2018-11-29,2019-01-04,11.0,36.0,0.0,,,,,,,,,,,,,
Butte,496.0,0.0,2019.0,4,0.0,2.0,0.0,2019-09-13T19:00:00Z,,False,True,0.0,,39.45296,-121.412619,True,Swedes Fire,16.0,2019-09-07T15:06:00Z,0.0,2.0,,,63a43984-64ce-40aa-bbc3-98330a46353f,6.0,2019-09-07,2019-09-13,9.0,6.0,496.0,0.0,0.0,2.0,0.0,,0.0,,16.0,0.0,2.0,,,6.0
Butte,50.0,,2019.0,4,,,,2019-05-08T08:47:00Z,,False,True,,,39.85484,-121.905,True,Meridian Fire,,2019-05-01T16:46:00Z,,,,,398bb669-190d-4dbf-9af0-6ccb27817c13,,2019-05-01,2019-05-08,5.0,7.0,50.0,,,,,,,,,,,,,
Riverside,20292.0,,2013.0,33,63.0,20.0,201.0,2013-08-12T18:00:00Z,,False,True,20.0,26.0,33.86157,-116.90427,True,Silver Fire,2106.0,2013-08-07T14:05:00Z,8.0,40.0,,,c400203b-a7fd-4bd8-803a-f3c74bc32a2b,20.0,2013-08-07,2013-08-12,8.0,5.0,20292.0,,63.0,20.0,201.0,,20.0,26.0,2106.0,8.0,40.0,,,20.0
Riverside,3166.0,,2013.0,33,36.0,5.0,62.0,2013-05-04T18:30:00Z,,False,True,5.0,2.0,34.288877,-116.941311,True,Summit Fire,726.0,2013-05-01T12:38:00Z,,1.0,,,a1b14be5-a8cf-4e40-8588-96becf4c5879,7.0,2013-05-01,2013-05-04,5.0,3.0,3166.0,,36.0,5.0,62.0,,5.0,2.0,726.0,,1.0,,,7.0
Riverside,40.0,2.0,2013.0,33,,1.0,19.0,2013-05-17T08:30:00Z,,False,True,,,33.655638,-116.161201,True,54 Fire,65.0,2013-05-16T13:48:00Z,,,,,e215290f-d0b4-48fd-be32-f599959347b1,,2013-05-16,2013-05-17,5.0,1.0,40.0,2.0,,1.0,19.0,,,,65.0,,,,,
Riverside,31.0,,2014.0,33,1.0,,1.0,2014-06-07T19:00:00Z,,False,True,,,0.0,0.0,True,Bogart Fire,51.0,2014-06-06T17:32:00Z,,,,,fc0e054f-887f-4bb5-87af-bde461bf4e4a,,2014-06-06,2014-06-07,6.0,1.0,31.0,,1.0,,1.0,,,,51.0,,,,,
Riverside,1049.0,,2015.0,33,3.0,,4.0,2015-04-24T07:30:00Z,,False,True,,,33.884313,-117.642759,True,Highway Fire,54.0,2015-04-18T18:12:00Z,,,,,8e3c0b14-01e5-4c41-8641-ff987ac10ad9,,2015-04-18,2015-04-24,4.0,6.0,1049.0,,3.0,,4.0,,,,54.0,,,,,
Riverside,21.0,,2015.0,33,2.0,3.0,11.0,2015-07-12T19:48:00Z,,False,True,1.0,,33.986204,-117.43942,True,Spider Fire,,2015-07-12T13:52:00Z,,,,,48284911-67cd-4394-8aad-053d3b2cf5db,2.0,2015-07-12,2015-07-12,7.0,0.0,21.0,,2.0,3.0,11.0,,1.0,,,,,,,2.0
Riverside,1470.0,,2016.0,33,,,,2016-09-02T18:10:00Z,,False,True,,1.0,0.0,0.0,True,Bogart Fire,,2016-08-30T12:25:00Z,,1.0,,,944e953f-ed28-4b99-8d60-d352c702e6f9,,2016-08-30,2016-09-02,8.0,3.0,1470.0,,,,,,,1.0,,,1.0,,,
Riverside,139.0,,2016.0,33,,,,2016-06-07T18:15:00Z,,False,True,,1.0,33.476894,-117.140883,True,Temecula Fire,,2016-06-04T11:40:00Z,,,,,403e6185-c0e1-4b8f-a290-b50553a47b67,,2016-06-04,2016-06-07,6.0,3.0,139.0,,,,,,,1.0,,,,,,
Riverside,3874.0,,2017.0,33,8.0,2.0,34.0,2018-01-09T12:50:00Z,,False,True,2.0,,33.974709999999995,-117.09984,True,Palmer Fire,,2017-09-02T13:33:00Z,,,,,cfa04438-152b-4f4b-a712-4343af8c7fcf,1.0,2017-09-02,2018-01-09,9.0,129.0,3874.0,,8.0,2.0,34.0,,2.0,,,,,,,1.0
Riverside,1044.0,,2017.0,33,,,,2018-01-09T12:38:00Z,,False,True,,,33.98212,-117.30819,True,Blaine Fire,,2017-08-13T16:10:00Z,,,,,c57ff6c2-e5df-48c5-831c-1dbad73df5ef,,2017-08-13,2018-01-09,8.0,149.0,1044.0,,,,,,,,,,,,,
Riverside,545.0,,2017.0,33,,,,2018-01-09T12:42:00Z,,False,True,,,33.95036,-116.88066,True,Mias Fire,,2017-08-14T15:45:00Z,,,,,c3ad74dc-6842-463f-8808-05161a8ba570,,2017-08-14,2018-01-09,8.0,148.0,545.0,,,,,,,,,,,,,
Riverside,92.0,,2017.0,33,,,,2018-01-09T12:23:00Z,,False,True,,,33.57139,-116.8247,True,Reed Fire,,2017-08-07T14:14:00Z,,,,,ab009bd1-6784-4fda-a931-532520742a8b,,2017-08-07,2018-01-09,8.0,155.0,92.0,,,,,,,,,,,,,
Riverside,15.0,,2018.0,33,2.0,1.0,18.0,2019-01-03T09:46:00Z,,False,True,1.0,,33.711263,-116.164058,True,Tyler Fire,105.0,2018-04-15T04:38:00Z,,,,,8b34406c-93b7-4a40-a832-2fc525876e59,2.0,2018-04-15,2019-01-03,4.0,263.0,15.0,,2.0,1.0,18.0,,1.0,,105.0,,,,,2.0
Riverside,1011.0,,2019.0,33,10.0,,17.0,,2.0,True,True,1.0,,33.9925,-117.059167,True,Sandalwood Fire,247.0,2019-10-10T15:38:44Z,16.0,74.0,,,7ff84b11-c3fb-4f5c-8a00-07243d4a4e33,1.0,2019-10-10,,10.0,,1011.0,,10.0,,17.0,2.0,1.0,,247.0,16.0,74.0,,,1.0
Riverside,494.0,,2019.0,33,5.0,2.0,14.0,2019-11-02T18:44:00Z,,True,True,,,34.01778,-117.4625,True,Hill Fire ,126.0,2019-10-30T11:19:00Z,,,,,8f23653c-1a4c-4609-bfb3-72b1665eab69,1.0,2019-10-30,2019-11-02,10.0,3.0,494.0,,5.0,2.0,14.0,,,,126.0,,,,,1.0
Riverside,1926.0,,2019.0,33,0.0,1.0,1.0,2019-09-14T19:00:00Z,,False,True,,3.0,33.528469,-117.273157,True,Tenaja,35.0,2019-09-04T16:43:36Z,2.0,0.0,,0.0,f68808fb-a705-4083-a136-1a45c61c7f74,1.0,2019-09-04,2019-09-14,9.0,10.0,1926.0,,0.0,1.0,1.0,,,3.0,35.0,2.0,0.0,,0.0,1.0
Riverside,520.0,2.0,2019.0,33,8.0,2.0,34.0,,,False,True,1.0,,33.4853,-117.043723,True,Horseshoe Fire ,235.0,2019-09-14T17:53:00Z,,,,,c9327432-b3d3-4ea1-b810-d339dc9e25c3,3.0,2019-09-14,,9.0,,520.0,2.0,8.0,2.0,34.0,,1.0,,235.0,,,,,3.0
Riverside,350.0,,2019.0,33,,,,2019-10-13T07:30:00Z,,False,True,,,33.975405,-117.207068,True,Reche Fire,,2019-10-10T14:18:17Z,1.0,1.0,,,8739a46c-9d9b-464c-87d0-31738601d96f,,2019-10-10,2019-10-13,10.0,3.0,350.0,,,,,,,,,1.0,1.0,,,
